amp_mean,amp_std,amp_max,amp_min,amp_range,amp_median,amp_iqr,amp_energy,vel_mean,vel_std,vel_max,vel_min,vel_range,vel_energy,zero_crossing_rate,signal_energy,signal_entropy,label,file_name,original_length,processed_length
0.46208962457662717,0.3112429760826871,1.0,0.0,1.0,0.5225325445687138,0.6381231582122703,545.0606638466218,0.0001102289443051233,0.05315896485738545,0.13363215126013278,-0.15519470605446517,0.28882685731459795,4.962258792646356,0.04783599088838269,545.0606638466218,2.762483890182876,left,Amplitude.txt,1756,1756
0.5004608989301847,0.28887397377778473,1.0,0.0,1.0,0.5011117287381899,0.4995827777928966,586.3447028518145,0.0005697926334675932,4.270379840567238e-05,0.0010041838835613548,0.0004625724470082304,0.0005416114365531244,0.0005733116277736762,0.0005694760820045558,586.3447028518145,2.995611028638948,left,Time.txt,1756,1756
0.5160203616801255,0.218672574867256,1.0,0.0,1.0,0.525081217218593,0.216589153047046,551.2362137115736,5.5248317607811514e-05,0.05961762488884141,0.15601332608895552,-0.15269504337761358,0.3087083694665691,6.237733758334418,0.10541310541310542,551.2362137115736,2.72683608815006,left,Velocity.txt,1755,1755
0.5748345314052563,0.3764194726924234,1.0,0.0,1.0,0.7176130447010887,0.8172816177261831,849.8274442522967,-3.0552509212815667e-05,0.06019403177862904,0.16558034309000402,-0.16297849318267893,0.32855883627268295,6.52198031140036,0.03888888888888889,849.8274442522967,2.531617633670278,left,Amplitude.txt,1800,1800
0.5000000000000021,0.2888355542429804,1.0,0.0,1.0,0.5000000000000021,0.500000000000002,600.1667593107331,0.000555864369093941,6.94869857833128e-17,0.0005558643690940501,0.0005558643690922738,1.7763568394002505e-15,0.0005561733542907691,0.0005555555555555556,600.1667593107331,2.9957322735339904,left,Time.txt,1800,1800
0.49079166315730743,0.2448138450817927,1.0,0.0,1.0,0.4579854183599129,0.24462992656639237,541.1576853878378,0.00026616092694613306,0.05409604398344487,0.1829303340752748,-0.18396245220764382,0.3668927862829186,5.264688616519804,0.0678154530294608,541.1576853878378,2.7295885175329735,left,Velocity.txt,1799,1799
0.5062549407978302,0.33654105945424256,1.0,0.0,1.0,0.6654546942025522,0.7207878109616892,665.1971096054374,-0.0001380941029863221,0.04395615257815955,0.11884430501310361,-0.14722697297692208,0.2660712779900257,3.4778923550203,0.03222222222222222,665.1971096054374,2.4884663577607484,left,Amplitude.txt,1800,1800
0.5000000000000021,0.2888355542429804,1.0,0.0,1.0,0.5000000000000021,0.500000000000002,600.1667593107331,0.000555864369093941,6.94869857833128e-17,0.0005558643690940501,0.0005558643690922738,1.7763568394002505e-15,0.0005561733542907691,0.0005555555555555556,600.1667593107331,2.9957322735339904,left,Time.txt,1800,1800
0.5110303185847677,0.23303741672997316,1.0,0.0,1.0,0.49257354675433845,0.19664284830665774,567.5097049721418,0.00020568482763866485,0.04614057918572617,0.15723681230346376,-0.17171852922110437,0.3289553415245681,3.830062641562815,0.07726514730405781,567.5097049721418,2.649583395723062,left,Velocity.txt,1799,1799
0.43613743676289823,0.3152067453610545,0.9999999999999999,0.0,0.9999999999999999,0.4099609130412204,0.6397288712480109,521.2280809209956,-0.0002851622822916763,0.08478895092578534,0.14047972733616265,-0.1693377771280782,0.30981750446424083,12.940645529920456,0.085,521.2280809209956,2.868695520768666,left,Amplitude.txt,1800,1800
0.5000000000000021,0.2888355542429804,1.0,0.0,1.0,0.5000000000000021,0.500000000000002,600.1667593107331,0.000555864369093941,6.94869857833128e-17,0.0005558643690940501,0.0005558643690922738,1.7763568394002505e-15,0.0005561733542907691,0.0005555555555555556,600.1667593107331,2.9957322735339904,left,Time.txt,1800,1800
0.5177394080580644,0.27918066593861074,1.0,0.0,1.0,0.5415955009363935,0.47178329130273944,622.4466940635439,-0.000338890717550782,0.08468904820396964,0.18139261925312267,-0.18406180758924545,0.3654544268423681,12.90305716897031,0.10505836575875487,622.4466940635439,2.91689867575328,left,Velocity.txt,1799,1799
0.5274384124398304,0.3929135224412601,1.0,0.0,1.0,0.6133509282778645,0.8806002143090073,778.6301670616451,-0.00041897448553805417,0.06570877960634472,0.1439584690230831,-0.17249826217753264,0.31645673120061574,7.772074662554489,0.045,778.6301670616451,2.506465973507308,left,Amplitude.txt,1800,1800
0.5000000000000021,0.2888355542429804,1.0,0.0,1.0,0.5000000000000021,0.500000000000002,600.1667593107331,0.000555864369093941,6.94869857833128e-17,0.0005558643690940501,0.0005558643690922738,1.7763568394002505e-15,0.0005561733542907691,0.0005555555555555556,600.1667593107331,2.9957322735339904,left,Time.txt,1800,1800
0.49137028759516105,0.2538405823423812,1.0,0.0,1.0,0.4579957621155877,0.2848714224013845,550.2777615947116,-8.241044573403309e-05,0.05418097037410156,0.13525058400145668,-0.11451862655166212,0.2497692105531188,5.2811162315473466,0.05669816564758199,550.2777615947116,2.756143487549452,left,Velocity.txt,1799,1799
0.5391543317884592,0.3587052835999461,1.0000000000000002,0.0,1.0000000000000002,0.6616206777197458,0.7695092232980624,754.8423731437999,-7.387086140370246e-05,0.05974635709883748,0.13238345975115684,-0.15892551420601572,0.2913089739571726,6.425338758274749,0.04666666666666667,754.8423731437999,2.7147418583588925,left,Amplitude.txt,1800,1800
0.5000000000000021,0.2888355542429804,1.0,0.0,1.0,0.5000000000000021,0.500000000000002,600.1667593107331,0.000555864369093941,6.94869857833128e-17,0.0005558643690940501,0.0005558643690922738,1.7763568394002505e-15,0.0005561733542907691,0.0005555555555555556,600.1667593107331,2.9957322735339904,left,Time.txt,1800,1800
0.4942666957562859,0.2543233155585672,1.0,0.0,1.0,0.48070472102136713,0.29378283789419946,555.8548677516004,0.00015028926399282455,0.05742225655346141,0.11481575892804152,-0.156564438539266,0.2713801974673075,5.93191130406339,0.08727070594774874,555.8548677516004,2.791063868616803,left,Velocity.txt,1799,1799
0.465741880116712,0.35366392769718463,1.0,0.0,1.0,0.5601719934547498,0.7177287051770017,615.5886107679286,-0.00036017589254016896,0.04259529982836011,0.14328158722970527,-0.12258657736104481,0.2658681645907501,3.266080729454632,0.03166666666666667,615.5886107679286,2.6067280522107894,left,Amplitude.txt,1800,1800
0.5000000000000021,0.2888355542429804,1.0,0.0,1.0,0.5000000000000021,0.500000000000002,600.1667593107331,0.000555864369093941,6.94869857833128e-17,0.0005558643690940501,0.0005558643690922738,1.7763568394002505e-15,0.0005561733542907691,0.0005555555555555556,600.1667593107331,2.9957322735339904,left,Time.txt,1800,1800
0.48547783379956444,0.22625729710356235,0.9999999999999999,0.0,0.9999999999999999,0.5027487027084657,0.18528403515906244,516.0990837943857,-8.904897922203662e-05,0.04209921519628042,0.10913957397517288,-0.10301933659383988,0.21215891056901276,3.188460977904308,0.07115063924402446,516.0990837943857,2.657943861706485,left,Velocity.txt,1799,1799
0.49193256084985615,0.34576685795551204,1.0,0.0,1.0,0.5809069562359629,0.7238108583253003,650.4327037080196,-0.0004949528113415883,0.04573444255132744,0.12787669377583633,-0.14966764341110592,0.27754433718694227,3.763299700565259,0.03501945525291829,650.4327037080196,2.7673069930931193,left,Amplitude.txt,1799,1799
0.500000000000002,0.2888356434393512,1.0,0.0,1.0,0.5000000000000021,0.500000000000002,599.833426028926,0.0005561735261401557,6.725599058812878e-17,0.0005561735261402911,0.0005561735261385148,1.7763568394002505e-15,0.0005564828551313347,0.0005558643690939411,599.833426028926,2.9957293283324713,left,Time.txt,1799,1799
0.5057150471975063,0.23159568308426037,1.0,0.0,1.0,0.49496916269597657,0.22781427936241705,556.2729163546636,-0.00018659896551418594,0.05064817642580266,0.16073863789663373,-0.17526696718795853,0.33600560508459226,4.612360124790827,0.07730812013348165,556.2729163546636,2.7574018365846324,left,Velocity.txt,1798,1798
0.5804579987994134,0.3622709152767813,1.0,0.0,1.0,0.7748971290386464,0.7426630337917203,842.7090679662539,-0.0002153682060071168,0.04932354530013111,0.15502877113777094,-0.16103030764452092,0.3160590787822919,4.37914530798884,0.030555555555555555,842.7090679662539,2.6050082878520007,left,Amplitude.txt,1800,1800
0.5000000000000021,0.2888355542429804,1.0,0.0,1.0,0.5000000000000021,0.500000000000002,600.1667593107331,0.000555864369093941,6.94869857833128e-17,0.0005558643690940501,0.0005558643690922738,1.7763568394002505e-15,0.0005561733542907691,0.0005555555555555556,600.1667593107331,2.9957322735339904,left,Time.txt,1800,1800
0.45116741203843724,0.15542396874585954,1.0,0.0,1.0,0.4572203880247582,0.11003490832194818,409.64785009936867,0.000255772438405058,0.047947923708074075,0.2993786695061832,-0.15646728627908588,0.4558459557852691,4.136024784612516,0.14563646470261257,409.64785009936867,2.359939875346981,left,Velocity.txt,1799,1799
0.5377737751241017,0.3899803048797298,0.9999999999999998,0.0,0.9999999999999998,0.7021635852370172,0.8397957342866099,794.3134885295669,-0.0004766916820707268,0.04358476385441343,0.15848749545548993,-0.1570889523303293,0.3155764477858192,3.4197459753685298,0.025,794.3134885295669,2.4814375107606272,left,Amplitude.txt,1800,1800
0.5000000000000021,0.2888355542429804,1.0,0.0,1.0,0.5000000000000021,0.500000000000002,600.1667593107331,0.000555864369093941,6.94869857833128e-17,0.0005558643690940501,0.0005558643690922738,1.7763568394002505e-15,0.0005561733542907691,0.0005555555555555556,600.1667593107331,2.9957322735339904,left,Time.txt,1800,1800
0.4923504139051996,0.24113123185713842,1.0,0.0,1.0,0.5395167688644688,0.19049257046172635,540.6952086881629,0.0001470336485390341,0.041876386088953166,0.18356286459367346,-0.13355581317309873,0.31711867776677216,3.154822342046006,0.055030572540300166,540.6952086881629,2.513084455943624,left,Velocity.txt,1799,1799
0.5385803816293725,0.36040442335645906,1.0000000000000002,0.0,1.0000000000000002,0.672874216282324,0.7354531762807386,755.928316531696,-0.00011834082579924928,0.05954992624272547,0.1525523707122199,-0.1700004444635666,0.3225528151757865,6.383173896117169,0.04,755.928316531696,2.6914782646508644,left,Amplitude.txt,1800,1800
0.5000000000000021,0.2888355542429804,1.0,0.0,1.0,0.5000000000000021,0.500000000000002,600.1667593107331,0.000555864369093941,6.94869857833128e-17,0.0005558643690940501,0.0005558643690922738,1.7763568394002505e-15,0.0005561733542907691,0.0005555555555555556,600.1667593107331,2.9957322735339904,left,Time.txt,1800,1800
0.49948108100688826,0.21537360603819253,1.0,0.0,1.0,0.47032509320335925,0.169783131291374,532.264985690606,-0.00033920787057431067,0.05933183849019398,0.17922811410028905,-0.1907920429937337,0.37002015709402275,6.333167434970056,0.09616453585325181,532.264985690606,2.6385341301309393,left,Velocity.txt,1799,1799
0.46230650378562793,0.2948726660735483,1.0,0.0,1.0,0.47341359893857915,0.5953076431574149,308.79547684108815,-3.0656801730639626e-05,0.051405734343893617,0.1495237092270647,-0.14315970199163297,0.2926834112186977,2.7138993257828665,0.042843232716650435,308.79547684108815,2.654583616976042,left,Amplitude.txt,1027,1027
0.5339332798575995,0.32650754111951535,0.9999999999999999,0.0,0.9999999999999999,0.5173367194113452,0.5944188318030886,402.26760363458556,0.0009745178671665003,0.001808870775347946,0.022951748388357174,-0.002172299277202583,0.025124047665559757,0.004335684416328659,0.0009737098344693282,402.26760363458556,2.789931373953258,left,Time.txt,1027,1027
0.5701030137187739,0.1964792047384933,1.0,0.0,1.0,0.6193322391710514,0.1780486922395934,373.07568377369273,0.0003857902800078215,0.06781756026230244,0.20602429157357094,-0.15114521418529553,0.35716950575886647,4.718953942237022,0.10916179337231968,373.07568377369273,2.5563914408203576,left,Velocity.txt,1026,1026
0.5263938195074523,0.3168896864167612,0.9999999999999999,0.0,0.9999999999999999,0.6996674767327292,0.6330085917115613,678.3846192516047,-0.0005943059243755037,0.04035460809877343,0.13737787568901141,-0.14264188108519393,0.2800197567742053,2.927039127024196,0.028380634390651086,678.3846192516047,2.5760995118355274,left,Amplitude.txt,1797,1797
0.5006172661928385,0.28867861007292456,1.0,0.0,1.0,0.5008337965536429,0.49916620344636115,600.1135178618763,0.000556792356354532,9.927563085524178e-06,0.0006679442477108,0.0005325413885725119,0.00013540285913828803,0.0005572789634327574,0.0005564830272676684,600.1135178618763,2.9957243562550513,left,Time.txt,1797,1797
0.5001030837410735,0.21771049461865163,0.9999999999999999,0.0,0.9999999999999999,0.5035656933448321,0.13938705978232935,534.3117130866347,0.00026926836513860856,0.04647098761945453,0.16940279162824462,-0.17212554629632199,0.3415283379245666,3.878686851620809,0.12082405345211582,534.3117130866347,2.560404675273027,left,Velocity.txt,1796,1796
0.47273214752475917,0.3532797718742583,1.0,0.0,1.0,0.49308264875845387,0.7607999038998723,626.5598226534987,8.097559030746132e-06,0.06722539596264719,0.14787358211219273,-0.16568631665788447,0.3135598987700772,8.13013781630139,0.05336297943301834,626.5598226534987,2.67473615345168,left,Amplitude.txt,1799,1799
0.500000000000002,0.2888356434393512,1.0,0.0,1.0,0.5000000000000021,0.500000000000002,599.833426028926,0.0005561735261401557,6.725599058812878e-17,0.0005561735261402911,0.0005561735261385148,1.7763568394002505e-15,0.0005564828551313347,0.0005558643690939411,599.833426028926,2.9957293283324713,left,Time.txt,1799,1799
0.49146324588725016,0.24325071621954292,1.0,0.0,1.0,0.48170586587998077,0.282380910170488,540.6712453328355,7.389855312521421e-05,0.061742257451968145,0.17579214593377387,-0.17207344821526688,0.3478655941490407,6.854177045637763,0.10734149054505006,540.6712453328355,2.801943457613155,left,Velocity.txt,1798,1798
0.52420590676092,0.3379929828980632,1.0,0.0,1.0,0.6340488624113423,0.701953960926471,699.8669294192925,-0.00036247931245217006,0.044788705453499444,0.1276088654564627,-0.14858951423164402,0.2761983796881067,3.609080989886664,0.03613118399110617,699.8669294192925,2.7763238263645977,left,Amplitude.txt,1799,1799
0.500000000000002,0.2888356434393512,1.0,0.0,1.0,0.5000000000000021,0.500000000000002,599.833426028926,0.0005561735261401557,6.725599058812878e-17,0.0005561735261402911,0.0005561735261385148,1.7763568394002505e-15,0.0005564828551313347,0.0005558643690939411,599.833426028926,2.9957293283324713,left,Time.txt,1799,1799
0.4922828698582526,0.24608780075769984,1.0,0.0,1.0,0.47210686218265385,0.2598675884300191,544.6171300884744,0.00031159366997154925,0.050682318499107974,0.14916003167530142,-0.16967835065731798,0.3188383823326194,4.618692509310219,0.06284760845383759,544.6171300884744,2.755928521920819,left,Velocity.txt,1798,1798
0.5426999819486356,0.390626906431456,1.0,0.0,1.0,0.6869106811215911,0.8619058919171784,804.8027707834658,0.00013773161138528345,0.06944404746725812,0.16049686279397182,-0.1642941484216925,0.32479101121566434,8.68049045753683,0.04777777777777778,804.8027707834658,2.463878458996447,left,Amplitude.txt,1800,1800
0.5000000000000021,0.2888355542429804,1.0,0.0,1.0,0.5000000000000021,0.500000000000002,600.1667593107331,0.000555864369093941,6.94869857833128e-17,0.0005558643690940501,0.0005558643690922738,1.7763568394002505e-15,0.0005561733542907691,0.0005555555555555556,600.1667593107331,2.9957322735339904,left,Time.txt,1800,1800
0.4965461754655606,0.25409038296777,1.0,0.0,1.0,0.5006208993239197,0.29630372006498257,559.7049287280438,-0.0003898665201890084,0.05561370191108475,0.10292631146254749,-0.14351557980783314,0.24644189127038063,5.564371469249242,0.09727626459143969,559.7049287280438,2.7730116668775047,left,Velocity.txt,1799,1799
0.5571208741378716,0.34776806650651515,1.0,0.0,1.0,0.7221502911762019,0.7375846029823743,775.9560073708052,-0.0004958176818762768,0.06339885014574795,0.1555993661183167,-0.176159216900207,0.3317585830185237,7.231368402923021,0.04502501389660923,775.9560073708052,2.636184476827039,left,Amplitude.txt,1799,1799
0.500000000000002,0.2888356434393512,1.0,0.0,1.0,0.5000000000000021,0.500000000000002,599.833426028926,0.0005561735261401557,6.725599058812878e-17,0.0005561735261402911,0.0005561735261385148,1.7763568394002505e-15,0.0005564828551313347,0.0005558643690939411,599.833426028926,2.9957293283324713,left,Time.txt,1799,1799
0.49066010498331086,0.2101470197678932,1.0,0.0,1.0,0.4948247965817013,0.17985371422210078,512.2665771541306,-1.5279298408476254e-05,0.06513613125415388,0.1701932819073891,-0.19505602733715655,0.3652493092445457,7.6284030591311485,0.14349276974416017,512.2665771541306,2.6795015691653257,left,Velocity.txt,1798,1798
0.5560099283740015,0.3465005003254783,0.9999999999999999,0.0,0.9999999999999999,0.6620910280243663,0.7040433649879276,772.1481372801081,-9.46240014531222e-05,0.06651028063912356,0.11558596999686538,-0.17192555079919647,0.28751152079606185,7.95810386552953,0.054474708171206226,772.1481372801081,2.809360392946863,left,Amplitude.txt,1799,1799
0.500000000000002,0.2888356434393512,1.0,0.0,1.0,0.5000000000000021,0.500000000000002,599.833426028926,0.0005561735261401557,6.725599058812878e-17,0.0005561735261402911,0.0005561735261385148,1.7763568394002505e-15,0.0005564828551313347,0.0005558643690939411,599.833426028926,2.9957293283324713,left,Time.txt,1799,1799
0.47573491121917943,0.2383316086463788,1.0,0.0,1.0,0.46763382698409284,0.28565792128142853,509.0599392559788,6.480975541134893e-05,0.056887036137962005,0.11940316322062394,-0.11230382234482539,0.23170698556544933,5.818578067397411,0.05561735261401557,509.0599392559788,2.818070630130162,left,Velocity.txt,1798,1798
0.4742565231938904,0.3583433934780771,1.0000000000000002,0.0,1.0000000000000002,0.6079273193355837,0.7548965049028964,635.9926273944138,-9.48069481681422e-05,0.025225299982242586,0.11792444102483199,-0.09970382353580526,0.21762826456063725,1.1453845455927878,0.014444444444444444,635.9926273944138,2.554469984338092,left,Amplitude.txt,1800,1800
0.5000000000000021,0.2888355542429804,1.0,0.0,1.0,0.5000000000000021,0.500000000000002,600.1667593107331,0.000555864369093941,6.94869857833128e-17,0.0005558643690940501,0.0005558643690922738,1.7763568394002505e-15,0.0005561733542907691,0.0005555555555555556,600.1667593107331,2.9957322735339904,left,Time.txt,1800,1800
0.5163310275126564,0.18876300516837163,1.0,0.0,1.0,0.5125523154884574,0.11642791530356766,543.7103345643537,4.117440013333312e-05,0.038033315061897624,0.15820943754013772,-0.15771977857629943,0.31592921611643715,2.6023160151219025,0.13007226236798222,543.7103345643537,2.439326707717093,left,Velocity.txt,1799,1799
0.5832701116151296,0.3731650569961074,0.9999999999999999,0.0,0.9999999999999999,0.7629339923157654,0.7856936536719725,863.0211291595809,-0.00045238736754312333,0.05524965743293477,0.13260301071464742,-0.1662571960433859,0.2988602067580333,5.494912741416522,0.03833333333333333,863.0211291595809,2.607102587194221,left,Amplitude.txt,1800,1800
0.5000000000000021,0.2888355542429804,1.0,0.0,1.0,0.5000000000000021,0.500000000000002,600.1667593107331,0.000555864369093941,6.94869857833128e-17,0.0005558643690940501,0.0005558643690922738,1.7763568394002505e-15,0.0005561733542907691,0.0005555555555555556,600.1667593107331,2.9957322735339904,left,Time.txt,1800,1800
0.49659676856167523,0.23268588425827394,1.0,0.0,1.0,0.48546855205451284,0.21698534780377338,541.0511772308362,0.00039040251947731883,0.04893499910845796,0.1924307741716555,-0.14436331638643135,0.33679409055808684,4.308221006817719,0.06614785992217899,541.0511772308362,2.732012095842529,left,Velocity.txt,1799,1799
0.583771884390087,0.3592316289322081,1.0,0.0,1.0,0.7137943938309373,0.7328920464994247,845.7065572133532,7.1794026097513376e-06,0.0641361683975417,0.1516642141562271,-0.1551313037709958,0.3067955179272229,7.404206666870966,0.05,845.7065572133532,2.680960695324932,left,Amplitude.txt,1800,1800
0.5000000000000021,0.2888355542429804,1.0,0.0,1.0,0.5000000000000021,0.500000000000002,600.1667593107331,0.000555864369093941,6.94869857833128e-17,0.0005558643690940501,0.0005558643690922738,1.7763568394002505e-15,0.0005561733542907691,0.0005555555555555556,600.1667593107331,2.9957322735339904,left,Time.txt,1800,1800
0.5028727426577929,0.23756093160224642,1.0,0.0,1.0,0.5133252673172969,0.26123282776356177,556.4598285658845,-2.9163446957281958e-05,0.05664738791703555,0.16728689547733994,-0.1395684562137247,0.30685535169106465,5.77286040758521,0.09449694274596998,556.4598285658845,2.7459200687216474,left,Velocity.txt,1799,1799
0.5017911906701038,0.34314049904392313,1.0,0.0,1.0,0.5254839866776546,0.7068201267200629,664.8021022117013,-2.016414208769806e-05,0.08292594251705818,0.1553791587483363,-0.16657261193740017,0.32195177068573644,12.37120551573418,0.07504168982768204,664.8021022117013,2.8774616509537405,left,Amplitude.txt,1799,1799
0.500000000000002,0.2888356434393512,1.0,0.0,1.0,0.5000000000000021,0.500000000000002,599.833426028926,0.0005561735261401557,6.725599058812878e-17,0.0005561735261402911,0.0005561735261385148,1.7763568394002505e-15,0.0005564828551313347,0.0005558643690939411,599.833426028926,2.9957293283324713,left,Time.txt,1799,1799
0.5048910140658884,0.2635487659871153,0.9999999999999998,0.0,0.9999999999999998,0.5229749829459347,0.4146729152461843,583.2224528717868,0.00028654465189507195,0.07249080360964771,0.12533099131984815,-0.15084351232481458,0.2761745036446627,9.448487691026457,0.08398220244716352,583.2224528717868,2.913167550091622,left,Velocity.txt,1798,1798
0.4769668416707013,0.31373396671886816,1.0,0.0,1.0,0.47751865825095735,0.6274182217044877,586.6674658676635,-7.399019911081291e-05,0.05792740706177662,0.14844136805106808,-0.16478068803241802,0.3132220560834861,6.040061934210598,0.05444444444444444,586.6674658676635,2.8946067451836943,left,Amplitude.txt,1800,1800
0.5000000000000021,0.2888355542429804,1.0,0.0,1.0,0.5000000000000021,0.500000000000002,600.1667593107331,0.000555864369093941,6.94869857833128e-17,0.0005558643690940501,0.0005558643690922738,1.7763568394002505e-15,0.0005561733542907691,0.0005555555555555556,600.1667593107331,2.9957322735339904,left,Time.txt,1800,1800
0.5211175124795765,0.18828201284308138,1.0,0.0,1.0,0.5340660864097947,0.2085269030487154,552.3174271334857,0.00014323533159452166,0.056651262971668156,0.20635273527126177,-0.13606179418749229,0.34241452945875406,5.773685616648925,0.11951083935519734,552.3174271334857,2.6465944652237052,left,Velocity.txt,1799,1799
0.56330112890131,0.32348733514778144,1.0,0.0,1.0,0.7434745582635509,0.6121232256709898,759.5139920805061,-0.0001175778163038489,0.05888201836953047,0.12694894652326413,-0.16325641044422776,0.2902053569674919,6.240790641262699,0.04555555555555556,759.5139920805061,2.5753635517567575,left,Amplitude.txt,1800,1800
0.5000000000000021,0.2888355542429804,1.0,0.0,1.0,0.5000000000000021,0.500000000000002,600.1667593107331,0.000555864369093941,6.94869857833128e-17,0.0005558643690940501,0.0005558643690922738,1.7763568394002505e-15,0.0005561733542907691,0.0005555555555555556,600.1667593107331,2.9957322735339904,left,Time.txt,1800,1800
0.4809436061048564,0.2321000477992912,1.0,0.0,1.0,0.44732689166537576,0.2248729760387237,513.0337548103962,0.0002642103776771597,0.05474608797701263,0.12399520083846471,-0.10892761324567699,0.2329228140841417,5.391969916682952,0.0678154530294608,513.0337548103962,2.736227163453908,left,Velocity.txt,1799,1799
0.47532792292632975,0.2600839462113749,1.0000000000000002,0.0,1.0000000000000002,0.569373840466088,0.4301548033615387,528.4445281026123,-5.828573582119449e-05,0.033855327187180415,0.13128176649564144,-0.11531637954834428,0.24659814604398572,2.0631358371204676,0.028888888888888888,528.4445281026123,2.648795873054596,left,Amplitude.txt,1800,1800
0.5000000000000021,0.2888355542429804,1.0,0.0,1.0,0.5000000000000021,0.500000000000002,600.1667593107331,0.000555864369093941,6.94869857833128e-17,0.0005558643690940501,0.0005558643690922738,1.7763568394002505e-15,0.0005561733542907691,0.0005555555555555556,600.1667593107331,2.9957322735339904,left,Time.txt,1800,1800
0.4832697266773158,0.17561132137253493,1.0000000000000002,0.0,1.0000000000000002,0.5007690830770656,0.14433721784874637,475.6357478856385,-1.1270975935279145e-05,0.047983871614167097,0.2133814851920784,-0.16263666063884896,0.37601814583092735,4.142111259753465,0.10894941634241245,475.6357478856385,2.5160064267283135,left,Velocity.txt,1799,1799
0.4715536603899145,0.25797201548140536,1.0,0.0,1.0,0.565588144743693,0.4214613895847531,520.0423477175974,-4.387846542304428e-05,0.03317367145712779,0.12884014961435167,-0.11384095709692185,0.24268110671127352,1.9808899258773291,0.02666666666666667,520.0423477175974,2.644564692329203,left,Amplitude.txt,1800,1800
0.5000000000000021,0.2888355542429804,1.0,0.0,1.0,0.5000000000000021,0.500000000000002,600.1667593107331,0.000555864369093941,6.94869857833128e-17,0.0005558643690940501,0.0005558643690922738,1.7763568394002505e-15,0.0005561733542907691,0.0005555555555555556,600.1667593107331,2.9957322735339904,left,Time.txt,1800,1800
0.4852253911668989,0.17540188692901224,1.0,0.0,1.0,0.5008602874871325,0.14326938079242268,478.91089440621914,-8.498101440365289e-05,0.0488862188161022,0.1917600630705733,-0.1908724298142116,0.3826324928847849,4.299375431823634,0.1056142301278488,478.91089440621914,2.505826557219615,left,Velocity.txt,1799,1799
0.48533993532245895,0.30614088124675504,1.0,0.0,1.0,0.5170154748166849,0.6040012391277964,592.3694884888378,-0.00033773766692197913,0.07723330354865678,0.1427884634315679,-0.16422569845739626,0.30701416188896413,10.73120994154334,0.07837687604224569,592.3694884888378,2.9020831440039174,left,Amplitude.txt,1799,1799
0.500000000000002,0.2888356434393512,1.0,0.0,1.0,0.5000000000000021,0.500000000000002,599.833426028926,0.0005561735261401557,6.725599058812878e-17,0.0005561735261402911,0.0005561735261385148,1.7763568394002505e-15,0.0005564828551313347,0.0005558643690939411,599.833426028926,2.9957293283324713,left,Time.txt,1799,1799
0.5041347516912893,0.26314168758574097,1.0,0.0,1.0,0.5277169011663105,0.4058332375896279,581.4649213037405,-0.00016011821425381548,0.07512476744542249,0.20579161846027888,-0.19480912633810718,0.40060074479838603,10.14747386618528,0.08565072302558398,581.4649213037405,2.9377890776479636,left,Velocity.txt,1798,1798
0.44596198377486534,0.3512536419267795,0.9999999999999999,0.0,0.9999999999999999,0.40091053869533994,0.7587278350957781,580.0701814906312,-0.0003422789497534174,0.08986333108793688,0.16676248381587538,-0.1707189256237044,0.33748140943957977,14.535963772379292,0.07833333333333334,580.0701814906312,2.750477352804615,left,Amplitude.txt,1800,1800
0.5000000000000021,0.2888355542429804,1.0,0.0,1.0,0.5000000000000021,0.500000000000002,600.1667593107331,0.000555864369093941,6.94869857833128e-17,0.0005558643690940501,0.0005558643690922738,1.7763568394002505e-15,0.0005561733542907691,0.0005555555555555556,600.1667593107331,2.9957322735339904,left,Time.txt,1800,1800
0.5139189631059956,0.2587280704935911,1.0,0.0,1.0,0.5169931772278881,0.3917186388127556,595.5641942671997,0.00040048234817245557,0.07802906681770552,0.1938762072026188,-0.2012053570570383,0.3950815642596571,10.953563482541117,0.12284602556976097,595.5641942671997,2.879289042371547,left,Velocity.txt,1799,1799
0.44849884478916774,0.32601765638928853,1.0,0.0,1.0,0.41961421930123005,0.6771715991546778,551.5450745422793,1.7421674539265334e-05,0.07759273915650483,0.15895486711710122,-0.16072399106280377,0.319678858179905,10.80101645114351,0.07469342251950947,551.5450745422793,2.8274364619244463,left,Amplitude.txt,1794,1794
0.5000000000000021,0.28883609091319973,1.0,0.0,1.0,0.5000000000000022,0.5000000000000022,598.1667596207524,0.0005577244841048521,7.061635147649008e-17,0.00055772448410496,0.0005577244841031836,1.7763568394002505e-15,0.000558035540705022,0.0005574136008918618,598.1667596207524,2.995719204219089,left,Time.txt,1794,1794
0.49316130118026025,0.2605190412986595,1.0,0.0,1.0,0.48264609596177455,0.3621084024771728,557.7632840707372,7.073674985041064e-05,0.07770113407713065,0.13965833187820048,-0.19778489548769568,0.33744322736589616,10.825185934324104,0.11154489682097044,557.7632840707372,2.876854765175439,left,Velocity.txt,1793,1793
0.5278556896940033,0.34092462069590024,1.0,0.0,1.0,0.6319959359575555,0.7016942127371065,710.3553458240168,-0.00013048633412837858,0.05253242288892538,0.11582082116938552,-0.16906129235199283,0.2848821135213784,4.9646507937944495,0.04113396331295164,710.3553458240168,2.825152984836524,left,Amplitude.txt,1799,1799
0.500000000000002,0.2888356434393512,1.0,0.0,1.0,0.5000000000000021,0.500000000000002,599.833426028926,0.0005561735261401557,6.725599058812878e-17,0.0005561735261402911,0.0005561735261385148,1.7763568394002505e-15,0.0005564828551313347,0.0005558643690939411,599.833426028926,2.9957293283324713,left,Time.txt,1799,1799
0.48852595933075055,0.2275925739351504,1.0,0.0,1.0,0.48238737365094464,0.22799462827633893,522.2398747855217,0.0002726299391871696,0.05422972276370504,0.13085353871468552,-0.13305586497479358,0.2639094036894791,5.2878050102854655,0.0817575083426029,522.2398747855217,2.761205090966964,left,Velocity.txt,1798,1798
0.5010048882071295,0.3856099528721001,1.0,0.0,1.0,0.5593056037427082,0.8520661378251883,719.461680770631,-0.000384791228689721,0.06843292138551557,0.1532268791516943,-0.16740661355022718,0.3206334927019215,8.429783028562497,0.04833333333333333,719.461680770631,2.523442054495368,left,Amplitude.txt,1800,1800
0.5000000000000021,0.2888355542429804,1.0,0.0,1.0,0.5000000000000021,0.500000000000002,600.1667593107331,0.000555864369093941,6.94869857833128e-17,0.0005558643690940501,0.0005558643690922738,1.7763568394002505e-15,0.0005561733542907691,0.0005555555555555556,600.1667593107331,2.9957322735339904,left,Time.txt,1800,1800
0.4882765954640553,0.24818223065499412,0.9999999999999999,0.0,0.9999999999999999,0.4603165605427816,0.27142856561252393,539.7152074702524,0.00016232876505533616,0.05910348918717106,0.1327104366036629,-0.11220997615504602,0.24492041275870893,6.284354563722093,0.08560311284046693,539.7152074702524,2.736798359572541,left,Velocity.txt,1799,1799
0.4324003181697091,0.2745025937442013,1.0,0.0,1.0,0.4422623313904478,0.49959078063787554,471.9167547168818,-0.0001656072921190859,0.06281060677825798,0.14717151451891178,-0.16899105295047112,0.31616256746938287,7.097414349581044,0.07337409672040023,471.9167547168818,2.8864075774407842,left,Amplitude.txt,1799,1799
0.500000000000002,0.2888356434393512,1.0,0.0,1.0,0.5000000000000021,0.500000000000002,599.833426028926,0.0005561735261401557,6.725599058812878e-17,0.0005561735261402911,0.0005561735261385148,1.7763568394002505e-15,0.0005564828551313347,0.0005558643690939411,599.833426028926,2.9957293283324713,left,Time.txt,1799,1799
0.48496408293419396,0.24006060338532706,1.0,0.0,1.0,0.4883791253972205,0.3446565218464518,526.4890205510081,3.6422865290911986e-05,0.07015375334601877,0.17981188105922583,-0.15934614151833315,0.339158022577559,8.848947682416163,0.08731924360400445,526.4890205510081,2.8782756126166733,left,Velocity.txt,1798,1798
0.5304609169802834,0.3429664105916861,0.9999999999999999,0.0,0.9999999999999999,0.6022346112545802,0.7103627856722129,718.2265378278746,-0.00020285550331719385,0.07677279591890791,0.15574813055154754,-0.16622382865257074,0.32197195920411825,10.609386018410717,0.06666666666666667,718.2265378278746,2.81232302335568,left,Amplitude.txt,1800,1800
0.5000000000000021,0.2888355542429804,1.0,0.0,1.0,0.5000000000000021,0.500000000000002,600.1667593107331,0.000555864369093941,6.94869857833128e-17,0.0005558643690940501,0.0005558643690922738,1.7763568394002505e-15,0.0005561733542907691,0.0005555555555555556,600.1667593107331,2.9957322735339904,left,Time.txt,1800,1800
0.49248017265313543,0.2636939429692403,1.0,0.0,1.0,0.4877775514904935,0.37556457803953713,561.4161176112134,2.440462813839089e-05,0.06939277202952662,0.17686674331463959,-0.12500763208458998,0.30187437539922957,8.662827972544381,0.07782101167315175,561.4161176112134,2.8860658834798194,left,Velocity.txt,1799,1799
0.4694352384303933,0.3423272723559157,1.0,0.0,1.0,0.5016215340409393,0.7240758084965759,607.2657706574357,0.00037482998246559664,0.07135971876645049,0.153374686285354,-0.16950726934087168,0.3228819556262257,9.161137577936847,0.06170094496942746,607.2657706574357,2.7875228916486985,left,Amplitude.txt,1799,1799
0.500000000000002,0.2888356434393512,1.0,0.0,1.0,0.5000000000000021,0.500000000000002,599.833426028926,0.0005561735261401557,6.725599058812878e-17,0.0005561735261402911,0.0005561735261385148,1.7763568394002505e-15,0.0005564828551313347,0.0005558643690939411,599.833426028926,2.9957293283324713,left,Time.txt,1799,1799
0.49094361536991876,0.25250336046402466,1.0,0.0,1.0,0.47003249869070224,0.3277756608144554,548.0008777715652,2.654671139214856e-05,0.06605658940906524,0.13872480255398206,-0.13366479668770748,0.27238959924168954,7.845525728936115,0.06840934371523916,548.0008777715652,2.8715289971889675,left,Velocity.txt,1798,1798
0.4472960471050294,0.3002236774344364,1.0,0.0,1.0,0.44609648218924486,0.5800781902048828,522.3744184464741,-0.0004420691579895459,0.066236563637402,0.13928426993061452,-0.16535447171436848,0.304638741644983,7.897460017737694,0.06944444444444445,522.3744184464741,2.920355786692184,left,Amplitude.txt,1800,1800
0.5000000000000021,0.2888355542429804,1.0,0.0,1.0,0.5000000000000021,0.500000000000002,600.1667593107331,0.000555864369093941,6.94869857833128e-17,0.0005558643690940501,0.0005558643690922738,1.7763568394002505e-15,0.0005561733542907691,0.0005555555555555556,600.1667593107331,2.9957322735339904,left,Time.txt,1800,1800
0.5576509638574874,0.23179023542720284,1.0,0.0,1.0,0.5739685780769166,0.3168796537305285,656.0976580043185,-0.0003209727977536802,0.06644448644794845,0.1239506942689367,-0.18577250230580875,0.30972319657474545,7.942536072360439,0.08004446914952751,656.0976580043185,2.829610107052763,left,Velocity.txt,1799,1799
0.399755337980008,0.2954302610059591,0.9999999999999999,0.0,0.9999999999999999,0.35160076918467603,0.5623690714290489,444.50298148144566,0.00017906829238009084,0.08711036764329472,0.14977431222760698,-0.18239375290577883,0.3321680651333858,13.651258541309542,0.09505280711506392,444.50298148144566,2.867960533945556,left,Amplitude.txt,1799,1799
0.500000000000002,0.2888356434393512,1.0,0.0,1.0,0.5000000000000021,0.500000000000002,599.833426028926,0.0005561735261401557,6.725599058812878e-17,0.0005561735261402911,0.0005561735261385148,1.7763568394002505e-15,0.0005564828551313347,0.0005558643690939411,599.833426028926,2.9957293283324713,left,Time.txt,1799,1799
0.6153510333188507,0.22011692686705095,1.0,0.0,1.0,0.6368933306630492,0.3929612338507532,767.9408235485495,-0.000440255324783781,0.07341166770441815,0.17616334680363732,-0.30196224264749666,0.478125589451134,9.690261270251051,0.10289210233592881,767.9408235485495,2.7257409897619134,left,Velocity.txt,1798,1798
0.5420195962061698,0.35065695464075425,1.0,0.0,1.0,0.653367972683874,0.7176423029344894,750.1419765169691,-5.2309698963427274e-05,0.07262929204099947,0.14511695742183184,-0.17176572002703094,0.3168826774488628,9.495030237626509,0.058888888888888886,750.1419765169691,2.7619818653694304,left,Amplitude.txt,1800,1800
0.5000000000000021,0.2888355542429804,1.0,0.0,1.0,0.5000000000000021,0.500000000000002,600.1667593107331,0.000555864369093941,6.94869857833128e-17,0.0005558643690940501,0.0005558643690922738,1.7763568394002505e-15,0.0005561733542907691,0.0005555555555555556,600.1667593107331,2.9957322735339904,left,Time.txt,1800,1800
0.49043019925194536,0.2459554244712587,1.0,0.0,1.0,0.4552146843095335,0.298665776127494,541.5275162460866,6.362520195482575e-05,0.0629880598280198,0.14606382776669485,-0.11350321836958521,0.25956704613628007,7.137532012587082,0.06058921623123958,541.5275162460866,2.802571214163044,left,Velocity.txt,1799,1799
0.39216602587019694,0.30983246740946435,0.9999999999999999,0.0,0.9999999999999999,0.3261697221233715,0.6182874228637796,446.62514527765507,-0.00013598893050353444,0.06641902483985872,0.15091443189166634,-0.1606147239343483,0.31152915582601465,7.887771572356575,0.06375838926174497,446.62514527765507,2.7338844889106895,left,Amplitude.txt,1788,1788
0.500000000000002,0.28883663118624087,0.9999999999999999,0.0,0.9999999999999999,0.5000000000000021,0.500000000000002,596.1667599328531,0.0005595970900951312,7.130344423917276e-17,0.0005595970900952318,0.0005595970900934555,1.7763568394002505e-15,0.0005599102389983741,0.0005592841163310962,596.1667599328531,2.9957172703042216,left,Time.txt,1788,1788
0.4999463789570753,0.2445912518577783,1.0,0.0,1.0,0.4836829958814889,0.3388013163580259,553.5612457616345,-1.1398457058725577e-05,0.06523104770937194,0.1130791292480095,-0.19082617663660548,0.30390530588461495,7.603845321039493,0.10632344711807498,553.5612457616345,2.8298580463823932,left,Velocity.txt,1787,1787
0.6174538610260281,0.37823438918331476,1.0,0.0,1.0,0.8352696079530637,0.8277779994909318,943.7589425822846,-0.00018235502757130904,0.028405871494284904,0.16036706188039046,-0.1415343996184891,0.30190146149887953,1.4524682196706349,0.014444444444444444,943.7589425822846,2.322903732155443,left,Amplitude.txt,1800,1800
0.5000000000000021,0.2888355542429804,1.0,0.0,1.0,0.5000000000000021,0.500000000000002,600.1667593107331,0.000555864369093941,6.94869857833128e-17,0.0005558643690940501,0.0005558643690922738,1.7763568394002505e-15,0.0005561733542907691,0.0005555555555555556,600.1667593107331,2.9957322735339904,left,Time.txt,1800,1800
0.5127949221628948,0.21107459020859826,1.0,0.0,1.0,0.5134657463167326,0.15219476978880758,553.212495575171,-0.00015106156774944793,0.04702525139333453,0.19933274938826376,-0.18206306790679763,0.3813958172950614,3.9783033616782086,0.1122846025569761,553.212495575171,2.58541911221704,left,Velocity.txt,1799,1799
0.3836317646819422,0.23548272381959662,1.0,0.0,1.0,0.33255915550133996,0.28462809325283767,364.52317391876903,-0.00044560724920136434,0.05206602884473866,0.16412398351594437,-0.1769192980797512,0.3410432815956956,4.877214795941578,0.06392440244580322,364.52317391876903,2.800520714535161,left,Amplitude.txt,1799,1799
0.500000000000002,0.2888356434393512,1.0,0.0,1.0,0.5000000000000021,0.500000000000002,599.833426028926,0.0005561735261401557,6.725599058812878e-17,0.0005561735261402911,0.0005561735261385148,1.7763568394002505e-15,0.0005564828551313347,0.0005558643690939411,599.833426028926,2.9957293283324713,left,Time.txt,1799,1799
0.5070767179415981,0.19651336315479917,0.9999999999999999,0.0,0.9999999999999999,0.5091798977594222,0.23755784339115416,531.7482509987458,-0.00010581692785293936,0.05418011352214978,0.1502233215442612,-0.1488000311508656,0.2990233526951268,5.278021625494473,0.08620689655172414,531.7482509987458,2.745128435852056,left,Velocity.txt,1798,1798
0.5744903002414997,0.318868958654307,1.0,0.0,1.0,0.6164707896276378,0.6375049227208922,777.0897321567313,-0.00041247094605379624,0.01841276318868159,0.0600929874584859,-0.06660189235837638,0.12669487981686228,0.6105599649428515,0.013888888888888888,777.0897321567313,2.839816662318693,left,Amplitude.txt,1800,1800
0.5000000000000021,0.2888355542429804,1.0,0.0,1.0,0.5000000000000021,0.500000000000002,600.1667593107331,0.000555864369093941,6.94869857833128e-17,0.0005558643690940501,0.0005558643690922738,1.7763568394002505e-15,0.0005561733542907691,0.0005555555555555556,600.1667593107331,2.9957322735339904,left,Time.txt,1800,1800
0.4848167631176817,0.22401755519113117,0.9999999999999999,0.0,0.9999999999999999,0.48661701483924247,0.22383120708745985,513.1308547418582,-0.00010131877139147798,0.04623194459480899,0.19347179681337878,-0.16913064017449594,0.36260243698787475,3.8451879367531525,0.08560311284046693,513.1308547418582,2.746529155101902,left,Velocity.txt,1799,1799
0.5234095603462426,0.30042024901494846,1.0,0.0,1.0,0.6053182980980527,0.5784260870518957,655.577808984091,-4.225348789263468e-05,0.06895547454483672,0.14529407047971163,-0.15285011916605537,0.298144189645767,8.558746659109557,0.06777777777777778,655.577808984091,2.8613359127674522,left,Amplitude.txt,1800,1800
0.5000000000000021,0.2888355542429804,1.0,0.0,1.0,0.5000000000000021,0.500000000000002,600.1667593107331,0.000555864369093941,6.94869857833128e-17,0.0005558643690940501,0.0005558643690922738,1.7763568394002505e-15,0.0005561733542907691,0.0005555555555555556,600.1667593107331,2.9957322735339904,left,Time.txt,1800,1800
0.4899641279708326,0.2129414480222635,1.0,0.0,1.0,0.5038868045496466,0.29923739722556864,513.4506236642821,-0.0003446533077921591,0.0665237773963584,0.20022331375997982,-0.2177980419163077,0.4180213556762875,7.961531609224086,0.10728182323513062,513.4506236642821,2.8002940839610586,left,Velocity.txt,1799,1799
0.3502093370038392,0.27509203993518677,1.0000000000000002,0.0,1.0000000000000002,0.3142008189138272,0.495758573801049,356.9799782886677,-0.00013875410525361216,0.03126353098070669,0.07223733111090698,-0.12123450420169113,0.1934718353125981,1.7593697197499971,0.03333333333333333,356.9799782886677,2.787443148730809,left,Amplitude.txt,1800,1800
0.5000000000000021,0.2888355542429804,1.0,0.0,1.0,0.5000000000000021,0.500000000000002,600.1667593107331,0.000555864369093941,6.94869857833128e-17,0.0005558643690940501,0.0005558643690922738,1.7763568394002505e-15,0.0005561733542907691,0.0005555555555555556,600.1667593107331,2.9957322735339904,left,Time.txt,1800,1800
0.5086834981734502,0.20272886327474984,1.0,0.0,1.0,0.5232886516211196,0.2548490812580587,539.4443500802527,-0.0001432158106109628,0.0384582929399064,0.10669641875246494,-0.11000873666514743,0.21670515541761237,2.660830391109494,0.07059477487493052,539.4443500802527,2.7397224890761853,left,Velocity.txt,1799,1799
0.33722725542116677,0.2123689622057517,1.0,0.0,1.0,0.2773304643303698,0.286368599589964,285.8810362330335,0.0002491563934324432,0.05497598844182603,0.1871198976729504,-0.1740377122329668,0.36115760990591717,5.440358491315519,0.08833333333333333,285.8810362330335,2.6805463347692804,left,Amplitude.txt,1800,1800
0.5000000000000021,0.2888355542429804,1.0,0.0,1.0,0.5000000000000021,0.500000000000002,600.1667593107331,0.000555864369093941,6.94869857833128e-17,0.0005558643690940501,0.0005558643690922738,1.7763568394002505e-15,0.0005561733542907691,0.0005555555555555556,600.1667593107331,2.9957322735339904,left,Time.txt,1800,1800
0.4685105610979313,0.161185002163885,1.0,0.0,1.0,0.46739546663413073,0.1973308006893536,441.6234686583832,0.00015974197418067046,0.07486624497733162,0.23397051034815955,-0.2300116934208894,0.463982203769049,10.08335929795296,0.16453585325180656,441.6234686583832,2.5740303699286615,left,Velocity.txt,1799,1799
0.4258921420506362,0.2822783047666352,0.9999999999999999,0.0,0.9999999999999999,0.42419547640164806,0.5726294554232025,469.6562192463259,0.0004997973338626397,0.0723450172692084,0.1476280247136957,-0.15552161394652045,0.30314963866021616,9.416058326581542,0.08060033351862146,469.6562192463259,2.772169588960077,left,Amplitude.txt,1799,1799
0.500000000000002,0.2888356434393512,1.0,0.0,1.0,0.5000000000000021,0.500000000000002,599.833426028926,0.0005561735261401557,6.725599058812878e-17,0.0005561735261402911,0.0005561735261385148,1.7763568394002505e-15,0.0005564828551313347,0.0005558643690939411,599.833426028926,2.9957293283324713,left,Time.txt,1799,1799
0.5254696105906891,0.2366670408973159,1.0,0.0,1.0,0.5161492185584982,0.344711524418007,597.169020622757,5.45130143012618e-05,0.08016964493842958,0.23873598226330808,-0.22165090209096439,0.46038688435427244,11.556060544318228,0.13014460511679643,597.169020622757,2.8553436361166358,left,Velocity.txt,1798,1798
0.4169360820394143,0.3097117300990713,1.0000000000000002,0.0,1.0000000000000002,0.3788169156295904,0.6306777186865627,485.5626940812069,-9.613335773286272e-05,0.0572124775669157,0.12870735771968328,-0.15501363477134986,0.2837209924910331,5.89189829574114,0.050555555555555555,485.5626940812069,2.744223415792766,left,Amplitude.txt,1800,1800
0.5000000000000021,0.2888355542429804,1.0,0.0,1.0,0.5000000000000021,0.500000000000002,600.1667593107331,0.000555864369093941,6.94869857833128e-17,0.0005558643690940501,0.0005558643690922738,1.7763568394002505e-15,0.0005561733542907691,0.0005555555555555556,600.1667593107331,2.9957322735339904,left,Time.txt,1800,1800
0.4925225416499247,0.20894415180469195,1.0,0.0,1.0,0.49322609266785516,0.20400967097345424,514.9387665794244,0.00012805892784604526,0.060804360807926686,0.17801924001156222,-0.1534945021609488,0.331513742172511,6.651238859536807,0.10116731517509728,514.9387665794244,2.710796925677597,left,Velocity.txt,1799,1799
0.3249545460953195,0.31425705063135484,0.9999999999999999,0.0,0.9999999999999999,0.1650301373086574,0.5701447622859476,367.8353116191595,0.0002677667463978652,0.03354355113505144,0.15157087199438266,-0.18118047802846377,0.3327513500228464,2.0254347392045173,0.02277777777777778,367.8353116191595,2.586107412146132,left,Amplitude.txt,1800,1800
0.5000000000000021,0.2888355542429804,1.0,0.0,1.0,0.5000000000000021,0.500000000000002,600.1667593107331,0.000555864369093941,6.94869857833128e-17,0.0005558643690940501,0.0005558643690922738,1.7763568394002505e-15,0.0005561733542907691,0.0005555555555555556,600.1667593107331,2.9957322735339904,left,Time.txt,1800,1800
0.5305410166900211,0.13538896502540881,1.0,0.0,1.0,0.528264155831701,0.11239394397189967,539.3472920917976,9.856432353375265e-05,0.04273252745008017,0.1500138120258511,-0.18247035108688556,0.33248416311273665,3.2851154323387144,0.14285714285714285,539.3472920917976,2.315940505657514,left,Velocity.txt,1799,1799
0.47055498376981447,0.3413823969736662,1.0,0.0,1.0,0.5131489780812721,0.7288829485712338,607.9971167516591,0.0005338171970262181,0.07380032450586155,0.1757443663143199,-0.1700444756610758,0.3457888419753957,9.798744371488585,0.06170094496942746,607.9971167516591,2.7147066292054958,left,Amplitude.txt,1799,1799
0.500000000000002,0.2888356434393512,1.0,0.0,1.0,0.5000000000000021,0.500000000000002,599.833426028926,0.0005561735261401557,6.725599058812878e-17,0.0005561735261402911,0.0005561735261385148,1.7763568394002505e-15,0.0005564828551313347,0.0005558643690939411,599.833426028926,2.9957293283324713,left,Time.txt,1799,1799
0.487916539901112,0.22151991743221164,1.0,0.0,1.0,0.47718558591373883,0.2641516531404712,516.2662554633887,0.00011190687319143964,0.06767405877492069,0.14826093166334714,-0.16844876632322897,0.3167096979865761,8.234463776087,0.09955506117908787,516.2662554633887,2.818909817701967,left,Velocity.txt,1798,1798
0.5406987633555889,0.37153341113645255,0.9999999999999999,0.0,0.9999999999999999,0.6590662714683304,0.8115605077637874,774.2756186846276,0.00012913648472385818,0.0599800541703055,0.1499621931069911,-0.1658663111010405,0.3158285042080316,6.47212481053354,0.04446914952751529,774.2756186846276,2.6524122302461506,left,Amplitude.txt,1799,1799
0.500000000000002,0.2888356434393512,1.0,0.0,1.0,0.5000000000000021,0.500000000000002,599.833426028926,0.0005561735261401557,6.725599058812878e-17,0.0005561735261402911,0.0005561735261385148,1.7763568394002505e-15,0.0005564828551313347,0.0005558643690939411,599.833426028926,2.9957293283324713,left,Time.txt,1799,1799
0.48207998224955845,0.2322926261716423,1.0,0.0,1.0,0.47034656291086,0.22579065599317016,514.8770302800965,1.6560121679413548e-05,0.05716960636906864,0.15645711846793822,-0.18047875875289543,0.3369358772208336,5.876518771604127,0.10789766407119021,514.8770302800965,2.7396013964354693,left,Velocity.txt,1798,1798
0.3453055819722385,0.23256307644237614,1.0,0.0,1.0,0.31351864398995216,0.3696859436187869,311.8054315084864,-0.00031778688478861057,0.05834468114241979,0.14268424027353968,-0.16578800691818435,0.30847224719172406,6.1241608482004875,0.08893829905503058,311.8054315084864,2.7494314133631126,left,Amplitude.txt,1799,1799
0.500000000000002,0.2888356434393512,1.0,0.0,1.0,0.5000000000000021,0.500000000000002,599.833426028926,0.0005561735261401557,6.725599058812878e-17,0.0005561735261402911,0.0005561735261385148,1.7763568394002505e-15,0.0005564828551313347,0.0005558643690939411,599.833426028926,2.9957293283324713,left,Time.txt,1799,1799
0.5022605280274409,0.20683075407975554,0.9999999999999999,0.0,0.9999999999999999,0.5182226138042944,0.3028725870399609,530.4901887279921,0.00010785651386892765,0.06804720406400012,0.18165512053459326,-0.20298962846192797,0.38464474899652124,8.325519637891556,0.09621802002224694,530.4901887279921,2.8018345710560966,left,Velocity.txt,1798,1798
0.461974052562194,0.37683200803530786,1.0,0.0,1.0,0.40612574668045104,0.8106526924409406,639.4048751496657,1.0121269332405108e-05,0.06681248869280296,0.16189554823788946,-0.18336610151322535,0.34526164975111484,8.030571837231061,0.04780433574207893,639.4048751496657,2.5435893736639614,left,Amplitude.txt,1799,1799
0.500000000000002,0.2888356434393512,1.0,0.0,1.0,0.5000000000000021,0.500000000000002,599.833426028926,0.0005561735261401557,6.725599058812878e-17,0.0005561735261402911,0.0005561735261385148,1.7763568394002505e-15,0.0005564828551313347,0.0005558643690939411,599.833426028926,2.9957293283324713,left,Time.txt,1799,1799
0.49213929818031527,0.2396905697949737,1.0,0.0,1.0,0.4881257410854079,0.2367194771387432,538.7754791955701,-0.00014245430891678143,0.05960112717515001,0.19787205401182983,-0.1547347185016237,0.3526067725134535,6.387061747493805,0.11568409343715239,538.7754791955701,2.747387931557673,left,Velocity.txt,1798,1798
0.41755249219143536,0.25283378008641744,1.0,0.0,1.0,0.38206561698018504,0.4429328570325893,428.65673235442995,6.89464491904041e-05,0.04642477923953759,0.1447956361568059,-0.17025607591722441,0.3150517120740303,3.8773215210137297,0.05669816564758199,428.65673235442995,2.792696639338374,left,Amplitude.txt,1799,1799
0.500171950262037,0.2888237012787373,1.0,0.0,1.0,0.5002779321845491,0.4997220678154551,600.1304073384526,0.0005561733542907691,5.74516399932429e-06,0.0006679442477107861,0.0005325413885725189,0.00013540285913826722,0.0005565418906714318,0.0005558643690939411,600.1304073384526,2.9957293283324713,left,Time.txt,1799,1799
0.461987799143906,0.19637645543470178,1.0000000000000002,0.0,1.0000000000000002,0.4536778531572636,0.23859769232515876,453.0895969748554,-0.00021407982064380998,0.05829776863312545,0.15090548461022196,-0.1783486936150339,0.3292541782252558,6.110818832672315,0.10011123470522804,453.0895969748554,2.7218771430517736,left,Velocity.txt,1798,1798
0.49455835036788515,0.3473387728427626,1.0,0.0,1.0,0.522019832391582,0.7379193845936555,657.0527008842976,0.00030180582735714275,0.08031143907876916,0.1737067211867983,-0.16707889345434057,0.3407856146411389,11.603582982254835,0.06837131739855476,657.0527008842976,2.7969576259063587,left,Amplitude.txt,1799,1799
0.500000000000002,0.2888356434393512,1.0,0.0,1.0,0.5000000000000021,0.500000000000002,599.833426028926,0.0005561735261401557,6.725599058812878e-17,0.0005561735261402911,0.0005561735261385148,1.7763568394002505e-15,0.0005564828551313347,0.0005558643690939411,599.833426028926,2.9957293283324713,left,Time.txt,1799,1799
0.5186283862474391,0.24526140864401685,0.9999999999999998,0.0,0.9999999999999998,0.5101856963120439,0.30610536008675027,591.7731537418232,-0.00010266141330019693,0.07126820607146674,0.1661791293584287,-0.1813715335498749,0.3475506629083036,9.132343589347467,0.10789766407119021,591.7731537418232,2.848533464163382,left,Velocity.txt,1798,1798
0.41628586783882915,0.2030255955032475,1.0,0.0,1.0,0.3630666225972464,0.2827380595199238,386.12396914519576,-0.00014808493466180283,0.05811636986859246,0.16166504103147983,-0.1991737526562416,0.3608387936877214,6.07956187653165,0.08222222222222222,386.12396914519576,2.680626031231526,left,Amplitude.txt,1800,1800
0.5000000000000021,0.2888355542429804,1.0,0.0,1.0,0.5000000000000021,0.500000000000002,600.1667593107331,0.000555864369093941,6.94869857833128e-17,0.0005558643690940501,0.0005558643690922738,1.7763568394002505e-15,0.0005561733542907691,0.0005555555555555556,600.1667593107331,2.9957322735339904,left,Time.txt,1800,1800
0.5016215667511087,0.2234482601941867,1.0000000000000002,0.0,1.0000000000000002,0.49171679579164157,0.2829348057027032,542.4944248633491,0.00017778125107191221,0.08315983080570723,0.21170906886241891,-0.23129884714037335,0.44300791600279227,12.441144729386947,0.11895497498610338,542.4944248633491,2.8063500552663805,left,Velocity.txt,1799,1799
0.4625576856875912,0.29470933195617505,0.9999999999999998,0.0,0.9999999999999998,0.4724277127409456,0.5910556520033227,533.3418087961584,-0.0003936903554159755,0.023002543628990225,0.08728116895938418,-0.09186569512589243,0.1791468640852766,0.9383992657506954,0.023124647490129723,533.3418087961584,2.839848494070912,left,Amplitude.txt,1773,1773
0.5060065017006711,0.2854396842261959,1.0,0.0,1.0,0.5063924402445824,0.4924958310172338,598.4201109565516,0.0005643293087248131,9.224014118010845e-05,0.0022370625483466022,0.0002060196612725801,0.002031042887074022,0.000579728115262423,0.0005640157924421884,598.4201109565516,2.9942859397919888,left,Time.txt,1773,1773
0.4861416988737265,0.21450662344094262,1.0,0.0,1.0,0.4943689641205483,0.20803791576402864,500.3186055902129,-0.00028326659225006497,0.03643810955451818,0.15097815429338707,-0.11979015966463091,0.270768313958018,2.3528900722644943,0.08295711060948081,500.3186055902129,2.71377582843774,left,Velocity.txt,1772,1772
0.4277698569935688,0.3462996942207938,1.0,0.0,1.0,0.4114525530971451,0.7411260518648894,542.8156675553269,-0.0003461800232760579,0.04327162946917618,0.12903421799951953,-0.09045976539351319,0.21949398339303272,3.355616333486937,0.037388392857142856,542.8156675553269,2.670527202159325,left,Amplitude.txt,1792,1792
0.5007991237453158,0.2883769136579363,0.9999999999999999,0.0,0.9999999999999999,0.5008010946344221,0.49919890536558187,598.4581239615155,0.0005584877570631094,2.0759951933391348e-05,0.0010626686002089482,0.00048728384088818355,0.0005753847593207647,0.0005597124743054379,0.0005580357142857143,598.4581239615155,2.9956984330964134,left,Time.txt,1792,1792
0.49320293047376407,0.22956966436566775,1.0,0.0,1.0,0.5017331012606856,0.27625679663222685,530.048888311949,2.1604333591931912e-05,0.040710853309305815,0.10565330263996167,-0.11165565052588117,0.21730895316584284,2.9683569126590115,0.06867671691792294,530.048888311949,2.753198605616705,left,Velocity.txt,1791,1791
0.4338213103332616,0.289178801102093,1.0,0.0,1.0,0.4553217859458038,0.5219897904841021,489.01372964269535,-0.0004756477547858979,0.05332064412870004,0.1286093971322988,-0.1687179452526727,0.2973273423849715,5.115127878623905,0.06058921623123958,489.01372964269535,2.879887003420348,left,Amplitude.txt,1799,1799
0.500000000000002,0.2888356434393512,1.0,0.0,1.0,0.5000000000000021,0.500000000000002,599.833426028926,0.0005561735261401557,6.725599058812878e-17,0.0005561735261402911,0.0005561735261385148,1.7763568394002505e-15,0.0005564828551313347,0.0005558643690939411,599.833426028926,2.9957293283324713,left,Time.txt,1799,1799
0.488188356000972,0.23092844364515633,0.9999999999999999,0.0,0.9999999999999999,0.49099939880529997,0.31041082268407155,524.397159000712,-0.00033940331097955434,0.05737647908349555,0.14523524680573935,-0.118105261422251,0.2633405082279904,5.9193316328341,0.06840934371523916,524.397159000712,2.838491660618754,left,Velocity.txt,1798,1798
0.28368686370255497,0.24851526871174942,0.9999999999999999,0.0,0.9999999999999999,0.20860472444186512,0.35598121879472283,255.88629768105682,-0.00011913841773072865,0.07030044523461744,0.16789776306154797,-0.17928194820247945,0.3471797112640274,8.890958062672299,0.10116731517509728,255.88629768105682,2.660069806866299,left,Amplitude.txt,1799,1799
0.500000000000002,0.2888356434393512,1.0,0.0,1.0,0.5000000000000021,0.500000000000002,599.833426028926,0.0005561735261401557,6.725599058812878e-17,0.0005561735261402911,0.0005561735261385148,1.7763568394002505e-15,0.0005564828551313347,0.0005558643690939411,599.833426028926,2.9957293283324713,left,Time.txt,1799,1799
0.484852353126178,0.2123109919312244,1.0,0.0,1.0,0.4950594274592869,0.3185718408506385,503.7236554050088,0.0002115840787860542,0.08064901301673866,0.1341333486734056,-0.23715110882529894,0.37128445749870453,11.694745906976863,0.11457174638487208,503.7236554050088,2.8176789272268614,left,Velocity.txt,1798,1798
0.48821767392103976,0.3603454280047605,1.0,0.0,1.0,0.519241214976315,0.7708952665935166,662.4013789784358,-0.00031987166795583864,0.06461514815542771,0.16189300969626308,-0.16122055545031316,0.32311356514657624,7.511220220568268,0.049471928849360754,662.4013789784358,2.6897322068445266,left,Amplitude.txt,1799,1799
0.500000000000002,0.2888356434393512,1.0,0.0,1.0,0.5000000000000021,0.500000000000002,599.833426028926,0.0005561735261401557,6.725599058812878e-17,0.0005561735261402911,0.0005561735261385148,1.7763568394002505e-15,0.0005564828551313347,0.0005558643690939411,599.833426028926,2.9957293283324713,left,Time.txt,1799,1799
0.4994497049120581,0.2308694900001686,1.0,0.0,1.0,0.5087205462621855,0.24635128818131735,544.3458110111244,-0.00039446741004263344,0.05853279036076072,0.12996800553704208,-0.11805000536894672,0.2480180109059888,6.160385187213919,0.1117908787541713,544.3458110111244,2.7936333608301545,left,Velocity.txt,1798,1798
0.3613550913450909,0.20674842900008977,1.0,0.0,1.0,0.32009921237229283,0.2614634770719665,311.8070244681086,-0.0004026345738985399,0.07074625274140725,0.20439322781249708,-0.1997721837942285,0.4041654116067256,9.004344710400556,0.12506948304613674,311.8070244681086,2.6615896626313393,left,Amplitude.txt,1799,1799
0.500000000000002,0.2888356434393512,1.0,0.0,1.0,0.5000000000000021,0.500000000000002,599.833426028926,0.0005561735261401557,6.725599058812878e-17,0.0005561735261402911,0.0005561735261385148,1.7763568394002505e-15,0.0005564828551313347,0.0005558643690939411,599.833426028926,2.9957293283324713,left,Time.txt,1799,1799
0.47043874153233356,0.18201811411929258,1.0,0.0,1.0,0.468682102322985,0.23755746727240912,457.4888797169211,-2.0507571508794735e-05,0.09753870272775408,0.26372186889616267,-0.2522596145155705,0.5159814834117331,17.10581051277186,0.18631813125695218,457.4888797169211,2.682854764026686,left,Velocity.txt,1798,1798
0.5667123850685615,0.3034913512114172,0.9999999999999999,0.0,0.9999999999999999,0.6735307460841287,0.5640232187469766,741.4062502045114,-2.9152424745847582e-05,0.01684377426027836,0.07663602244573209,-0.08413524839028136,0.16077127083601345,0.5089821646639814,0.014492753623188406,741.4062502045114,2.872118390885509,left,Amplitude.txt,1794,1794
0.5000000000000021,0.28883609091319973,1.0,0.0,1.0,0.5000000000000022,0.5000000000000022,598.1667596207524,0.0005577244841048521,7.061635147649008e-17,0.00055772448410496,0.0005577244841031836,1.7763568394002505e-15,0.000558035540705022,0.0005574136008918618,598.1667596207524,2.995719204219089,left,Time.txt,1794,1794
0.5035904734041848,0.21198932428744383,0.9999999999999999,0.0,0.9999999999999999,0.5077067924834247,0.2109721339420858,535.2873094579294,-0.00012131846767899288,0.040274238586766986,0.17921405743718244,-0.17388087041124475,0.3530949278484272,2.9082980183625744,0.0630228667038483,535.2873094579294,2.7270271035001614,left,Velocity.txt,1793,1793
0.39466592577551696,0.18718045808324002,1.0,0.0,1.0,0.36797538554997333,0.2904183391396902,343.2450926248389,-0.00039250140530432674,0.03692208518044852,0.16071253158177295,-0.15212641198438953,0.3128389435661625,2.4527465821344054,0.05058365758754864,343.2450926248389,2.672428644898457,left,Amplitude.txt,1799,1799
0.500000000000002,0.2888356434393512,1.0,0.0,1.0,0.5000000000000021,0.500000000000002,599.833426028926,0.0005561735261401557,6.725599058812878e-17,0.0005561735261402911,0.0005561735261385148,1.7763568394002505e-15,0.0005564828551313347,0.0005558643690939411,599.833426028926,2.9957293283324713,left,Time.txt,1799,1799
0.528582729178068,0.12526278863705498,0.9999999999999999,0.0,0.9999999999999999,0.5156440411348278,0.14936928108164,530.5726611088344,-9.237105541534373e-05,0.05226466573175788,0.1876276694841471,-0.16363338327015287,0.3512610527543,4.911423662002747,0.1657397107897664,530.5726611088344,2.3038616242496706,left,Velocity.txt,1798,1798
0.49055057557343534,0.34823587464290556,0.9999999999999999,0.0,0.9999999999999999,0.523517529177772,0.7413116973235685,650.3488405759775,-0.0001529574078176118,0.0681856267243153,0.14747150940574563,-0.16135130782845453,0.30882281723420013,8.354797648698012,0.05898720089037284,650.3488405759775,2.803861233770961,left,Amplitude.txt,1797,1797
0.500000000000002,0.2888358221299935,1.0,0.0,1.0,0.500000000000002,0.5000000000000021,599.1667594654837,0.0005567928730512249,6.851903659069865e-17,0.0005567928730513261,0.0005567928730496052,1.7208456881689926e-15,0.0005571028913547054,0.0011129660545353367,599.1667594654837,2.9957243562550513,left,Time.txt,1797,1797
0.5087091187938871,0.24430964803469887,1.0,0.0,1.0,0.5209444915679996,0.319804613786573,571.9760203137373,-0.00015911886122540341,0.0604831321825708,0.12513663943603615,-0.13465602924799291,0.25979266868402906,6.5701893369776885,0.09465478841870824,571.9760203137373,2.8370764922634066,left,Velocity.txt,1796,1796
0.3666237079150477,0.2359480413388312,1.0,0.0,1.0,0.3046672048595572,0.30236087642606735,341.9618741291993,-0.0005433255153065331,0.023019652293503633,0.11780555856780045,-0.10122479263724943,0.21903035120504988,0.9538290701985728,0.028349082823790995,341.9618741291993,2.743519442716557,left,Amplitude.txt,1799,1799
0.500000000000002,0.2888356434393512,1.0,0.0,1.0,0.5000000000000021,0.500000000000002,599.833426028926,0.0005561735261401557,6.725599058812878e-17,0.0005561735261402911,0.0005561735261385148,1.7763568394002505e-15,0.0005564828551313347,0.0005558643690939411,599.833426028926,2.9957293283324713,left,Time.txt,1799,1799
0.5064131969958724,0.18857917933154278,1.0,0.0,1.0,0.4992742527364893,0.19923561295601655,525.0455464781514,0.00012465197345038574,0.04298344795332105,0.14080561243941475,-0.16289858844010568,0.30370420087952044,3.3219710202544794,0.0828698553948832,525.0455464781514,2.6743283876419945,left,Velocity.txt,1798,1798
0.4977972103312875,0.32396818951471296,1.0,0.0,1.0,0.594620262470487,0.6741481913567953,634.9634107758955,-0.00020229176034044336,0.04973329502623745,0.11725643134148395,-0.14949935164643424,0.2667557829879182,4.4521948010215375,0.042222222222222223,634.9634107758955,2.7383941947564745,left,Amplitude.txt,1800,1800
0.5000000000000021,0.2888355542429804,1.0,0.0,1.0,0.5000000000000021,0.500000000000002,600.1667593107331,0.000555864369093941,6.94869857833128e-17,0.0005558643690940501,0.0005558643690922738,1.7763568394002505e-15,0.0005561733542907691,0.0005555555555555556,600.1667593107331,2.9957322735339904,left,Time.txt,1800,1800
0.4989685208952412,0.24721840276033505,1.0,0.0,1.0,0.47936921926335907,0.2778787909978847,557.8456557904531,0.00011765615167577544,0.05019960715274045,0.12441392385992675,-0.09155747446690174,0.2159713983268285,4.533505907865836,0.06725958866036687,557.8456557904531,2.7801500380824002,left,Velocity.txt,1799,1799
0.4341462995469613,0.3031001068850048,1.0,0.0,1.0,0.41256457291665316,0.5828633431252969,504.0741261988301,9.687016248757705e-05,0.08877579906968068,0.14915189262819337,-0.1771649197276811,0.3263168123558745,14.17031108795108,0.09733036707452725,504.0741261988301,2.9135208355180158,left,Amplitude.txt,1798,1798
0.500000000000002,0.288835732734967,0.9999999999999999,0.0,0.9999999999999999,0.5000000000000021,0.500000000000002,599.5000927471762,0.0005564830272676681,6.748743331424315e-17,0.0005564830272677956,0.0005564830272660748,1.7208456881689926e-15,0.000556792700627305,0.0005561735261401557,599.5000927471762,2.995726689011927,left,Time.txt,1798,1798
0.5206962026280192,0.2682008347505424,1.0,0.0,1.0,0.5300599157314337,0.4823479217759347,616.4720330762523,-0.0005716926455041043,0.08996419570268668,0.2301620205558485,-0.25299559132793153,0.48315761188378004,14.544708363619286,0.10294936004451864,616.4720330762523,2.9158684889090436,left,Velocity.txt,1797,1797
0.4493207196090455,0.31791630392943965,0.9999999999999999,0.0,0.9999999999999999,0.5218422408058307,0.6268645211466506,545.0248337880894,-0.00042239280030642546,0.02405424246324387,0.10188177346814713,-0.10546799003626006,0.2073497635044072,1.0412342080887373,0.017231795441912175,545.0248337880894,2.7580647738099606,left,Amplitude.txt,1799,1799
0.500000000000002,0.2888356434393512,1.0,0.0,1.0,0.5000000000000021,0.500000000000002,599.833426028926,0.0005561735261401557,6.725599058812878e-17,0.0005561735261402911,0.0005561735261385148,1.7763568394002505e-15,0.0005564828551313347,0.0005558643690939411,599.833426028926,2.9957293283324713,left,Time.txt,1799,1799
0.48276422868576574,0.22607458075159956,0.9999999999999999,0.0,0.9999999999999999,0.4857001805009574,0.1429342323130045,510.93948777591174,3.3357466530605356e-06,0.03584645483348808,0.14690072876573193,-0.1100926737294188,0.25699340249515074,2.3103730667911986,0.09121245828698554,510.93948777591174,2.5390824715560023,left,Velocity.txt,1798,1798
0.3090830337722586,0.2271474478501541,1.0000000000000002,0.0,1.0000000000000002,0.2580428061123312,0.3660460796535284,264.8309126952629,-6.419424110769847e-05,0.06483246287295649,0.14749510596996698,-0.16641990325612535,0.31391500922609233,7.565854253532972,0.09333333333333334,264.8309126952629,2.6871926444114957,left,Amplitude.txt,1800,1800
0.5000000000000021,0.2888355542429804,1.0,0.0,1.0,0.5000000000000021,0.500000000000002,600.1667593107331,0.000555864369093941,6.94869857833128e-17,0.0005558643690940501,0.0005558643690922738,1.7763568394002505e-15,0.0005561733542907691,0.0005555555555555556,600.1667593107331,2.9957322735339904,left,Time.txt,1800,1800
0.5447019303968141,0.21975915409503638,1.0,0.0,1.0,0.534463561764405,0.3619962790300809,620.6447075370604,-0.0003923236141053076,0.07830838243550657,0.17629955365153602,-0.2840144539905426,0.46031400764207864,11.032109662793243,0.11728738187882157,620.6447075370604,2.7835127277411664,left,Velocity.txt,1799,1799
0.31096148321050104,0.21293548281842004,1.0,0.0,1.0,0.2943140979536335,0.3171837469852422,255.5273764265755,-0.0001935147044051536,0.08449188948705165,0.17986588389893385,-0.1786364245158343,0.35850230841476816,12.842911389822314,0.16120066703724292,255.5273764265755,2.632518530505186,left,Amplitude.txt,1799,1799
0.500000000000002,0.2888356434393512,1.0,0.0,1.0,0.5000000000000021,0.500000000000002,599.833426028926,0.0005561735261401557,6.725599058812878e-17,0.0005561735261402911,0.0005561735261385148,1.7763568394002505e-15,0.0005564828551313347,0.0005558643690939411,599.833426028926,2.9957293283324713,left,Time.txt,1799,1799
0.48152013930327675,0.23305561197140068,1.0,0.0,1.0,0.48177417299106307,0.4161413373146612,514.545459961168,0.00023668980289624273,0.12083206037628955,0.27696370372935164,-0.25796063567066485,0.5349243394000165,26.251596220642053,0.16907675194660735,514.545459961168,2.8349899648932086,left,Velocity.txt,1798,1798
0.4843672870373654,0.159926539479378,0.9999999999999999,0.0,0.9999999999999999,0.45137600562280245,0.20589458771035296,468.07851204043413,-0.00013910948335003033,0.05731792581845044,0.1642307871797962,-0.16680319219776238,0.3310339793775586,5.910369784868363,0.11839911061700945,468.07851204043413,2.5038421039426573,left,Amplitude.txt,1799,1799
0.49977737616568735,0.28876139000594464,1.0,0.0,1.0,0.49972206781545514,0.4997220678154552,599.3558583873183,0.0005561733542907691,5.745163999324655e-06,0.0006679442477107722,0.0005325413885724495,0.00013540285913832273,0.0005565418906714319,0.0005558643690939411,599.3558583873183,2.9957293283324713,left,Time.txt,1799,1799
0.5066700833730171,0.17076272898299413,0.9999999999999999,0.0,0.9999999999999999,0.5044290117504361,0.1837002258141539,514.0023204249015,-0.0003428639785001622,0.09590419396068267,0.2983819716981071,-0.2791266896537568,0.5775086613518639,16.537522090970885,0.20634037819799778,514.0023204249015,2.6099813382390904,left,Velocity.txt,1798,1798
0.3119037889163068,0.22886464119928743,0.9999999999999999,0.0,0.9999999999999999,0.275219023987999,0.3427810417938982,264.00552764578936,-0.00024919092582567886,0.03896747344033603,0.13742668360125207,-0.14144024863064564,0.27886693223189774,2.6786800094255847,0.053854875283446714,264.00552764578936,2.7431544456730967,left,Amplitude.txt,1764,1764
0.5000000000000022,0.28883882904210306,1.0,0.0,1.0,0.5000000000000022,0.5000000000000022,588.1667612025008,0.0005672149744753262,7.132473331313352e-17,0.0005672149744754273,0.000567214974473651,1.7763568394002505e-15,0.000567536707302595,0.0005668934240362812,588.1667612025008,2.9957220129583257,left,Time.txt,1764,1764
0.4889315154378525,0.20481350046063668,1.0,0.0,1.0,0.4889416516903363,0.25770855804262727,495.40757808663574,-0.00030042147226283527,0.04983087793982785,0.1095389789419679,-0.16278723371071707,0.272326212652685,4.377893322742377,0.0822461712989223,495.40757808663574,2.769482965775841,left,Velocity.txt,1763,1763
0.4155388690214344,0.2276957816161358,1.0,0.0,1.0,0.38599431762708847,0.37003687222334536,403.907739219479,-0.00036651073154466324,0.07413728233861064,0.17874230325371276,-0.26246660978543523,0.441208913039148,9.888151261845497,0.10728182323513062,403.907739219479,2.849989721638634,left,Amplitude.txt,1799,1799
0.500000000000002,0.2888356434393512,1.0,0.0,1.0,0.5000000000000021,0.500000000000002,599.833426028926,0.0005561735261401557,6.725599058812878e-17,0.0005561735261402911,0.0005561735261385148,1.7763568394002505e-15,0.0005564828551313347,0.0005558643690939411,599.833426028926,2.9957293283324713,left,Time.txt,1799,1799
0.5002777070304354,0.21743894549651857,1.0,0.0,1.0,0.5048817680064543,0.3641200894955302,535.008347548142,0.0005500164685650862,0.08745716683916188,0.24170180117508455,-0.26097036775100485,0.5026721689260893,13.753007272268345,0.13403781979977752,535.008347548142,2.8158333181946342,left,Velocity.txt,1798,1798
0.3659670947239772,0.27423915516300257,1.0,0.0,1.0,0.3237347138676915,0.5181140535622206,376.4502515614066,-1.751384211671385e-05,0.05983297353887022,0.12421423223474115,-0.15552642198794428,0.27974065422268546,6.443973052628056,0.06777777777777778,376.4502515614066,2.805545845943652,left,Amplitude.txt,1800,1800
0.5000000000000021,0.2888355542429804,1.0,0.0,1.0,0.5000000000000021,0.500000000000002,600.1667593107331,0.000555864369093941,6.94869857833128e-17,0.0005558643690940501,0.0005558643690922738,1.7763568394002505e-15,0.0005561733542907691,0.0005555555555555556,600.1667593107331,2.9957322735339904,left,Time.txt,1800,1800
0.49966601879643446,0.20778988455516392,1.0,0.0,1.0,0.5132670706795829,0.3037292681704029,526.8241368675257,-0.0005639774651477814,0.05544640804411737,0.12692161228547505,-0.14613783880345804,0.2730594510889331,5.531245401801149,0.09394107837687604,526.8241368675257,2.7764845013698833,left,Velocity.txt,1799,1799
0.4974149176618132,0.3100886633857929,1.0,0.0,1.0,0.5314838233672525,0.5976196350146168,618.4378430512129,-0.0004260696198131808,0.08801244180498874,0.16894314501856095,-0.1598387468511442,0.32878189186970513,13.943468606035424,0.08944444444444444,618.4378430512129,2.9368108719419417,left,Amplitude.txt,1800,1800
0.5000000000000021,0.2888355542429804,1.0,0.0,1.0,0.5000000000000021,0.500000000000002,600.1667593107331,0.000555864369093941,6.94869857833128e-17,0.0005558643690940501,0.0005558643690922738,1.7763568394002505e-15,0.0005561733542907691,0.0005555555555555556,600.1667593107331,2.9957322735339904,left,Time.txt,1800,1800
0.4815347365685563,0.26998619438916055,1.0,0.0,1.0,0.4514742055203527,0.4654799051491324,548.2780775815199,-5.470467529797248e-05,0.08803562995950914,0.21895344603670225,-0.21964049196719126,0.4385939380038935,13.942744967809453,0.1000555864369094,548.2780775815199,2.8900993151255276,left,Velocity.txt,1799,1799
0.4151662149059168,0.2090547356779362,1.0,0.0,1.0,0.3823061761064799,0.2723875461354292,388.7042964471111,0.00018634405455261586,0.06034355821687796,0.21777190493471987,-0.18002764932955795,0.3977995542642778,6.55084215654235,0.08449138410227905,388.7042964471111,2.7541147607668126,left,Amplitude.txt,1799,1799
0.500000000000002,0.2888356434393512,1.0,0.0,1.0,0.5000000000000021,0.500000000000002,599.833426028926,0.0005561735261401557,6.725599058812878e-17,0.0005561735261402911,0.0005561735261385148,1.7763568394002505e-15,0.0005564828551313347,0.0005558643690939411,599.833426028926,2.9957293283324713,left,Time.txt,1799,1799
0.4583664846912669,0.17889135146803675,1.0,0.0,1.0,0.446321159984462,0.19749185458244356,435.2993059530855,0.00039918348661303904,0.07854734469915138,0.17881312415301498,-0.23115637662520355,0.40996950077821853,11.093380782724434,0.1718576195773081,435.2993059530855,2.6404758435041518,left,Velocity.txt,1798,1798
0.4050381911871956,0.2734085527874095,1.0,0.0,1.0,0.4066661627699443,0.5138184937452677,429.85471150350156,0.0001947753415439863,0.038191492795036724,0.10391468403456855,-0.1300726775703168,0.23398736160488534,2.6255305068246284,0.04111111111111111,429.85471150350156,2.8301130177656337,left,Amplitude.txt,1800,1800
0.5000000000000021,0.2888355542429804,1.0,0.0,1.0,0.5000000000000021,0.500000000000002,600.1667593107331,0.000555864369093941,6.94869857833128e-17,0.0005558643690940501,0.0005558643690922738,1.7763568394002505e-15,0.0005561733542907691,0.0005555555555555556,600.1667593107331,2.9957322735339904,left,Time.txt,1800,1800
0.4769661653269138,0.2014854564582148,1.0,0.0,1.0,0.4793624252131118,0.2347574523890653,482.2995085434742,0.00028826129765672435,0.043543232202224016,0.12926934908549126,-0.12069810645385293,0.24996745553934419,3.4110770011813525,0.08449138410227905,482.2995085434742,2.7174195482467045,left,Velocity.txt,1799,1799
0.41231452475670244,0.201265662647606,1.0,0.0,1.0,0.3567997944096695,0.2778600991119631,378.9200417153856,0.00013963120924016041,0.0872478664157797,0.19336236210086505,-0.19976585859947207,0.39312822070033715,13.7019774437646,0.12944444444444445,378.9200417153856,2.685268441560008,left,Amplitude.txt,1800,1800
0.5000000000000021,0.2888355542429804,1.0,0.0,1.0,0.5000000000000021,0.500000000000002,600.1667593107331,0.000555864369093941,6.94869857833128e-17,0.0005558643690940501,0.0005558643690922738,1.7763568394002505e-15,0.0005561733542907691,0.0005555555555555556,600.1667593107331,2.9957322735339904,left,Time.txt,1800,1800
0.485143697177182,0.1937233865441277,1.0,0.0,1.0,0.47207375971115084,0.2584078140578098,490.9347901713626,-0.00011553713135860515,0.09991562669425588,0.2561862392140436,-0.2515868471421653,0.5077730863562089,17.959679305955788,0.17954419121734297,490.9347901713626,2.723961136278854,left,Velocity.txt,1799,1799
0.3545020287030949,0.27698130676832544,0.9999999999999999,0.0,0.9999999999999999,0.2432896716360144,0.4856829594737077,363.89781811135106,0.0001481435065219992,0.05604371152022248,0.1616561570047414,-0.1703156596367995,0.3319718166415409,5.6473733463338744,0.05116796440489433,363.89781811135106,2.6996340876360847,left,Amplitude.txt,1798,1798
0.500000000000002,0.288835732734967,0.9999999999999999,0.0,0.9999999999999999,0.5000000000000021,0.500000000000002,599.5000927471762,0.0005564830272676681,6.748743331424315e-17,0.0005564830272677956,0.0005564830272660748,1.7208456881689926e-15,0.000556792700627305,0.0005561735261401557,599.5000927471762,2.995726689011927,left,Time.txt,1798,1798
0.4895945422430266,0.18416219943932538,1.0,0.0,1.0,0.4869811613613432,0.2119230685313268,491.69250109919005,-4.570773979407151e-05,0.06449186917436345,0.18142393898020315,-0.21464359629503757,0.39606753527524075,7.474088292004835,0.1424596549805231,491.69250109919005,2.6561160669723947,left,Velocity.txt,1797,1797
0.5274152714537458,0.3386840698239183,1.0,0.0,1.0,0.6918075607687202,0.7035964889786388,705.9941605840727,0.0003203795606389675,0.04396233733716321,0.15683281488339962,-0.15940326000709334,0.316236074890493,3.4732231757353103,0.02949360044518642,705.9941605840727,2.6514428636295833,left,Amplitude.txt,1797,1797
0.500000000000002,0.2888358221299935,1.0,0.0,1.0,0.500000000000002,0.5000000000000021,599.1667594654837,0.0005567928730512249,6.851903659069865e-17,0.0005567928730513261,0.0005567928730496052,1.7208456881689926e-15,0.0005571028913547054,0.0011129660545353367,599.1667594654837,2.9957243562550513,left,Time.txt,1797,1797
0.4973221319930298,0.20848086262944546,1.0,0.0,1.0,0.49153831973206674,0.19845545412396964,522.2652572028471,0.00019334304069899163,0.05778189698341773,0.18930906427356406,-0.1974384388902057,0.38674750316376977,5.996457860958499,0.09799554565701558,522.2652572028471,2.7121589870476104,left,Velocity.txt,1796,1796
0.3057546482758069,0.24007924850959,0.9999999999999999,0.0,0.9999999999999999,0.22162089300107857,0.3182834392017655,271.87198696243814,-0.0003230311380205488,0.05857380338130178,0.1380939124414794,-0.18231552450053348,0.32040943694201285,6.172359630209888,0.07837687604224569,271.87198696243814,2.6424274407627575,left,Amplitude.txt,1799,1799
0.500000000000002,0.2888356434393512,1.0,0.0,1.0,0.5000000000000021,0.500000000000002,599.833426028926,0.0005561735261401557,6.725599058812878e-17,0.0005561735261402911,0.0005561735261385148,1.7763568394002505e-15,0.0005564828551313347,0.0005558643690939411,599.833426028926,2.9957293283324713,left,Time.txt,1799,1799
0.48041902642699513,0.20072136350855588,1.0,0.0,1.0,0.4653050194554192,0.2664186232728293,487.4225290857887,0.00022038838346506677,0.06481495952031731,0.1322199692289334,-0.18980359606235037,0.32202356529128373,7.553447532490569,0.1117908787541713,487.4225290857887,2.745690689860037,left,Velocity.txt,1798,1798
0.4231767509914998,0.20778990525326552,1.0,0.0,1.0,0.37182667181300055,0.2730596963582631,399.8371179414844,-0.0002800787523712332,0.040163297686231544,0.1655406829109047,-0.17312683690218397,0.3386675198130887,2.9020908963275462,0.05058365758754864,399.8371179414844,2.6065588929361265,left,Amplitude.txt,1799,1799
0.49981167352253525,0.28880531587082525,1.0,0.0,1.0,0.49972206781545514,0.4997220678154552,599.4631748168955,0.0005561733542907691,5.745163999324647e-06,0.0006679442477108277,0.000532541388572505,0.00013540285913832273,0.0005565418906714319,0.0005558643690939411,599.4631748168955,2.9957293283324713,left,Time.txt,1799,1799
0.49863366636438006,0.17906694711493473,0.9999999999999999,0.0,0.9999999999999999,0.5013319805957368,0.1825880616360837,504.69950759632195,0.00016431564122480923,0.0634571090806687,0.17238762563345197,-0.1865076055826393,0.35889523121609124,7.240243383125495,0.12402669632925473,504.69950759632195,2.6315024485425256,left,Velocity.txt,1798,1798
0.48679656623584266,0.31497833356137184,0.9999999999999999,0.0,0.9999999999999999,0.5471710220307823,0.6411368783355955,605.1280455217907,-4.049994647074463e-05,0.044105510237787235,0.12470609132812943,-0.13014742380453498,0.2548535151326644,3.501535812446194,0.04111111111111111,605.1280455217907,2.859753515826671,left,Amplitude.txt,1800,1800
0.5000000000000021,0.2888355542429804,1.0,0.0,1.0,0.5000000000000021,0.500000000000002,600.1667593107331,0.000555864369093941,6.94869857833128e-17,0.0005558643690940501,0.0005558643690922738,1.7763568394002505e-15,0.0005561733542907691,0.0005555555555555556,600.1667593107331,2.9957322735339904,left,Time.txt,1800,1800
0.5020855189951998,0.22283656890960957,1.0,0.0,1.0,0.5098670407316541,0.2858966122288774,542.8410626857274,-6.365864707738606e-05,0.04705224045195069,0.11938385455149908,-0.12532436197690308,0.24470821652840216,3.9828373737647866,0.07226236798221233,542.8410626857274,2.796618369434232,left,Velocity.txt,1799,1799
0.4296644495121912,0.31699611812521644,1.0,0.0,1.0,0.4214169905510733,0.652325514647401,512.8914424678458,0.0001355087046869293,0.0608042437689012,0.14313545473474426,-0.15578508740459754,0.2989205421393418,6.6512167868276935,0.054474708171206226,512.8914424678458,2.714099379074793,left,Amplitude.txt,1799,1799
0.500000000000002,0.2888356434393512,1.0,0.0,1.0,0.5000000000000021,0.500000000000002,599.833426028926,0.0005561735261401557,6.725599058812878e-17,0.0005561735261402911,0.0005561735261385148,1.7763568394002505e-15,0.0005564828551313347,0.0005558643690939411,599.833426028926,2.9957293283324713,left,Time.txt,1799,1799
0.483938481173747,0.21375198637421305,1.0,0.0,1.0,0.48635200477096574,0.23965791929843944,503.2356847009354,0.000246276744340923,0.05755589865340077,0.17302199148988806,-0.1119359992947267,0.28495799078461476,5.9563103354195475,0.10789766407119021,503.2356847009354,2.7612137198251405,left,Velocity.txt,1798,1798
0.43233824440845203,0.303169503738607,1.0,0.0,1.0,0.4245453624533695,0.5844556700409813,501.89059003553206,-0.00029631792522788074,0.02527152051106666,0.12170962109550365,-0.06536407151638798,0.18707369261189163,1.1497275958573336,0.019444444444444445,501.89059003553206,2.891952938188087,left,Amplitude.txt,1800,1800
0.5000000000000021,0.2888355542429804,1.0,0.0,1.0,0.5000000000000021,0.500000000000002,600.1667593107331,0.000555864369093941,6.94869857833128e-17,0.0005558643690940501,0.0005558643690922738,1.7763568394002505e-15,0.0005561733542907691,0.0005555555555555556,600.1667593107331,2.9957322735339904,left,Time.txt,1800,1800
0.4257223698043316,0.16739652915492692,1.0,0.0,1.0,0.42667920294780265,0.18899032976450558,376.4607802907533,-0.00039044809332194365,0.05571824994930108,0.16149415215346585,-0.19131704441035313,0.352811196563819,5.585311813000336,0.11951083935519734,376.4607802907533,2.5783604856768165,left,Velocity.txt,1799,1799
0.46227727596094187,0.2765689791876965,0.9999999999999999,0.0,0.9999999999999999,0.47346205934158503,0.5144524593726989,522.0530335337091,-0.0002065853131000936,0.06328328046690361,0.14054728555139184,-0.18011897571788027,0.3206662612692721,7.204664459195724,0.06837131739855476,522.0530335337091,2.917090554788106,left,Amplitude.txt,1799,1799
0.500000000000002,0.2888356434393512,1.0,0.0,1.0,0.5000000000000021,0.500000000000002,599.833426028926,0.0005561735261401557,6.725599058812878e-17,0.0005561735261402911,0.0005561735261385148,1.7763568394002505e-15,0.0005564828551313347,0.0005558643690939411,599.833426028926,2.9957293283324713,left,Time.txt,1799,1799
0.47415171670838546,0.21915341136778105,1.0,0.0,1.0,0.47874349282771456,0.3322134119830555,490.58082657261764,-0.00010858235177837893,0.07312373141700867,0.17409629071542274,-0.24671992317112612,0.4208162138865489,9.614071211880141,0.12235817575083426,490.58082657261764,2.827360861267972,left,Velocity.txt,1798,1798
0.36928284860840155,0.27179200314105606,1.0,0.0,1.0,0.331703687464901,0.48499147922424984,378.2230467307265,-0.0005475300223960891,0.08439784914868624,0.15700059260976065,-0.1697293073585226,0.3267298999682833,12.814810817359636,0.10617009449694274,378.2230467307265,2.8269775394327152,left,Amplitude.txt,1799,1799
0.500000000000002,0.2888356434393512,1.0,0.0,1.0,0.5000000000000021,0.500000000000002,599.833426028926,0.0005561735261401557,6.725599058812878e-17,0.0005561735261402911,0.0005561735261385148,1.7763568394002505e-15,0.0005564828551313347,0.0005558643690939411,599.833426028926,2.9957293283324713,left,Time.txt,1799,1799
0.4915025753078856,0.2670727629591582,1.0000000000000002,0.0,1.0000000000000002,0.5199167448062181,0.4909142140455518,562.5989507635626,0.0001121070593391087,0.0975289397019031,0.20993518450392734,-0.24684803500030505,0.4567832195042324,17.102408151971623,0.10901001112347053,562.5989507635626,2.9123246318912366,left,Velocity.txt,1798,1798
0.36010213726392376,0.30720229263231025,1.0,0.0,1.0,0.2975746805313368,0.5786788658304256,403.0601893512075,0.00046454906855443,0.033609405424242206,0.09748023104055542,-0.16088064192890617,0.2583608729694616,2.0325244819159094,0.02612562534741523,403.0601893512075,2.6932065753986714,left,Amplitude.txt,1799,1799
0.500000000000002,0.2888356434393512,1.0,0.0,1.0,0.5000000000000021,0.500000000000002,599.833426028926,0.0005561735261401557,6.725599058812878e-17,0.0005561735261402911,0.0005561735261385148,1.7763568394002505e-15,0.0005564828551313347,0.0005558643690939411,599.833426028926,2.9957293283324713,left,Time.txt,1799,1799
0.49525961153814024,0.2010608174345896,1.0,0.0,1.0,0.4705135899335342,0.17741676912493026,513.7021481608182,-3.568922816513665e-05,0.04471411965582842,0.18849733485778286,-0.10394959262662307,0.2924469274844059,3.5948380790295147,0.06451612903225806,513.7021481608182,2.6090981075231734,left,Velocity.txt,1798,1798
0.42966819204836976,0.24841249935766455,1.0,0.0,1.0,0.43389104103618525,0.4214103470140217,443.38234517142564,-0.00043795411977403835,0.06155799841991243,0.16464259536282402,-0.16163334366720483,0.3262759390300288,6.821242151898543,0.08277777777777778,443.38234517142564,2.899406900958494,left,Amplitude.txt,1800,1800
0.5000000000000021,0.2888355542429804,1.0,0.0,1.0,0.5000000000000021,0.500000000000002,600.1667593107331,0.000555864369093941,6.94869857833128e-17,0.0005558643690940501,0.0005558643690922738,1.7763568394002505e-15,0.0005561733542907691,0.0005555555555555556,600.1667593107331,2.9957322735339904,left,Time.txt,1800,1800
0.4674769121217375,0.21461506710689215,0.9999999999999999,0.0,0.9999999999999999,0.4709466665484068,0.28325423013109474,476.0051284227107,-0.00012098636092345838,0.07806591370797869,0.22019951552042405,-0.21949201919155298,0.43969153471197703,10.963648435849223,0.12562534741523068,476.0051284227107,2.8015635709637805,left,Velocity.txt,1799,1799
0.44627818065959923,0.19404301713745223,0.9999999999999999,0.0,0.9999999999999999,0.43854343755853575,0.2906699177701879,426.2704326587655,-0.000396508796737888,0.03419272297972633,0.1241434339845473,-0.19644647697451434,0.32058991095906164,2.104739143189552,0.05611111111111111,426.2704326587655,2.7356662867678954,left,Amplitude.txt,1800,1800
0.5000000000000021,0.2888355542429804,1.0,0.0,1.0,0.5000000000000021,0.500000000000002,600.1667593107331,0.000555864369093941,6.94869857833128e-17,0.0005558643690940501,0.0005558643690922738,1.7763568394002505e-15,0.0005561733542907691,0.0005555555555555556,600.1667593107331,2.9957322735339904,left,Time.txt,1800,1800
0.4870965629514081,0.17448339150988842,1.0,0.0,1.0,0.4903435294902886,0.22183809734251753,481.6058204778106,0.00024293236559865298,0.05009420881690532,0.14700307967697168,-0.17302115566865603,0.32002423534562774,4.51457030285362,0.09394107837687604,481.6058204778106,2.653894877869489,left,Velocity.txt,1799,1799
0.3714241326325604,0.2967595511475166,1.0,0.0,1.0,0.29475426699091606,0.5483839387590063,406.6137893809264,0.00028804858640171056,0.049668023718127285,0.14839672571296714,-0.1610506211486902,0.3094473468616573,4.438124998142596,0.049471928849360754,406.6137893809264,2.7874344133194024,left,Amplitude.txt,1799,1799
0.500000000000002,0.2888356434393512,1.0,0.0,1.0,0.5000000000000021,0.500000000000002,599.833426028926,0.0005561735261401557,6.725599058812878e-17,0.0005561735261402911,0.0005561735261385148,1.7763568394002505e-15,0.0005564828551313347,0.0005558643690939411,599.833426028926,2.9957293283324713,left,Time.txt,1799,1799
0.5045622685065168,0.2245281151977746,1.0,0.0,1.0,0.5106340900120037,0.27225367408057294,548.382731251844,0.00010530534110240841,0.05658679871297099,0.1290543005979118,-0.1894207405794045,0.3184750411773163,5.757334226279294,0.11067853170189099,548.382731251844,2.799433730906437,left,Velocity.txt,1798,1798
0.3709431455836856,0.2837756316107161,1.0000000000000002,0.0,1.0000000000000002,0.35765198257375946,0.5619968026253899,390.2299657429769,-1.5036080275131018e-05,0.03324965520231117,0.15515129283137893,-0.10331466084033483,0.25846595367171377,1.9778106971125997,0.03242034656232532,390.2299657429769,2.7327984982212157,left,Amplitude.txt,1789,1789
0.49967574679275545,0.2893993219272977,1.0,0.0,1.0,0.5000000000000021,0.5022246941045627,596.5023690226659,0.0005592823775998546,1.808194078389574e-05,0.0007026714479440033,0.0005328375739943048,0.0001698338739496985,0.0005601783609780269,0.0005589714924538849,596.5023690226659,2.995672560867649,left,Time.txt,1789,1789
0.4941765123638693,0.19920220259022964,1.0,0.0,1.0,0.5016014065605343,0.2336169747400772,507.5987938853824,0.000343678420222592,0.046392063229747524,0.22026504396570323,-0.15716450499658177,0.377429548962285,3.8483868622781205,0.09340044742729306,507.5987938853824,2.6924591377089886,left,Velocity.txt,1788,1788
0.5574833030510082,0.34204721027184626,1.0,0.0,1.0,0.7344097178774563,0.6781588950872832,762.3109583335092,0.00034265219310097665,0.0596660329312058,0.15767877940092911,-0.16550225167239638,0.3231810310733255,6.344192461158793,0.045454545454545456,762.3109583335092,2.7368387928892894,left,Amplitude.txt,1782,1782
0.500000000000002,0.2888371750985063,1.0,0.0,1.0,0.500000000000002,0.500000000000002,594.166760247057,0.0005614823133071306,6.76372341617718e-17,0.000561482313307271,0.0005614823133054392,1.8318679906315083e-15,0.0005617975756952874,0.0005611672278338945,594.166760247057,2.9957266220565826,left,Time.txt,1782,1782
0.5050296043144178,0.23170712838615745,1.0,0.0,1.0,0.4998922091193714,0.23736604727517585,549.8714514450861,-0.00029817573026115355,0.05333196999221778,0.14205075835551834,-0.11225503527318892,0.25430579362870726,5.06585490692216,0.0948905109489051,549.8714514450861,2.744777977381003,left,Velocity.txt,1781,1781
0.31624193096182585,0.24580652186755553,1.0,0.0,1.0,0.21162176614463735,0.3043336773546833,288.6132193588696,-6.094426194279718e-05,0.06165476533398685,0.17008534670080988,-0.173465808200306,0.3435511549011159,6.838563530863098,0.07115063924402446,288.6132193588696,2.6428472441307576,left,Amplitude.txt,1799,1799
0.500000000000002,0.2888356434393512,1.0,0.0,1.0,0.5000000000000021,0.500000000000002,599.833426028926,0.0005561735261401557,6.725599058812878e-17,0.0005561735261402911,0.0005561735261385148,1.7763568394002505e-15,0.0005564828551313347,0.0005558643690939411,599.833426028926,2.9957293283324713,left,Time.txt,1799,1799
0.4996022041061433,0.18835042282521003,1.0,0.0,1.0,0.48054632877055337,0.1891695141971247,512.5706829388212,6.899243041746116e-05,0.06887361010540176,0.20637174594211305,-0.21829223230614786,0.4246639782482609,8.528954914173625,0.12736373748609567,512.5706829388212,2.61113133456998,left,Velocity.txt,1798,1798
0.4545041616017754,0.36792019251037417,1.0,0.0,1.0,0.4932759078958931,0.7763518913649097,577.877418639644,0.0004466155939003404,0.03880442826074624,0.13654299674722584,-0.15307436613269051,0.28961736287991635,2.545111469643276,0.023076923076923078,577.877418639644,2.5110427473114445,left,Amplitude.txt,1690,1690
0.5162580381883903,0.2876812278416137,1.0,0.0,1.0,0.5253058954393792,0.4941601779755306,590.2880179307268,0.0005920450730923906,0.000276894510528948,0.004144724389440774,-0.00019057694252355706,0.004335301331964331,0.0007219476161225273,0.000591715976331361,590.2880179307268,2.988714720632317,left,Time.txt,1690,1690
0.5059991965625342,0.15833287068524624,1.0,0.0,1.0,0.5090912186912282,0.1309270140701888,474.78547493083886,8.870535552591643e-06,0.045847385836890686,0.15648668331090684,-0.15949958122772706,0.3159862645386339,3.5502490619629183,0.13854351687388988,474.78547493083886,2.460952723082538,left,Velocity.txt,1689,1689
0.40869043080551604,0.2511987449024219,1.0,0.0,1.0,0.3833944841866297,0.4679667833369248,414.00149113291803,-0.0004069157176735223,0.06990232787717625,0.15604144800666397,-0.1582197686322972,0.31426121663896117,8.790815340466127,0.08838243468593664,414.00149113291803,2.8171276599333517,left,Amplitude.txt,1799,1799
0.500000000000002,0.2888356434393512,1.0,0.0,1.0,0.5000000000000021,0.500000000000002,599.833426028926,0.0005561735261401557,6.725599058812878e-17,0.0005561735261402911,0.0005561735261385148,1.7763568394002505e-15,0.0005564828551313347,0.0005558643690939411,599.833426028926,2.9957293283324713,left,Time.txt,1799,1799
0.50003958427952,0.25985683201208065,1.0,0.0,1.0,0.49368896751093727,0.4274630580918409,570.9821558636422,3.8738387419835397e-05,0.08332027260962417,0.22107126993598014,-0.22202852694085962,0.44309979687683976,12.482200252471735,0.09566184649610679,570.9821558636422,2.925394982385689,left,Velocity.txt,1798,1798
0.38873747849238877,0.26191627091522757,1.0,0.0,1.0,0.3892536895870136,0.47645962870784,395.27081131841203,2.305742093399781e-06,0.05079987955855402,0.1540455921059652,-0.17107809859586623,0.32512369070183145,4.6425493554955946,0.061145080600333516,395.27081131841203,2.855070380144055,left,Amplitude.txt,1799,1799
0.500000000000002,0.2888356434393512,1.0,0.0,1.0,0.5000000000000021,0.500000000000002,599.833426028926,0.0005561735261401557,6.725599058812878e-17,0.0005561735261402911,0.0005561735261385148,1.7763568394002505e-15,0.0005564828551313347,0.0005558643690939411,599.833426028926,2.9957293283324713,left,Time.txt,1799,1799
0.4957550252032955,0.21037084008079457,1.0,0.0,1.0,0.5126881849183822,0.3119449599425554,521.4720257963736,-0.00023776054590578076,0.05308329476291922,0.13424646561078457,-0.13663108391667747,0.270877549527462,5.066571097909553,0.07842046718576196,521.4720257963736,2.80409712101452,left,Velocity.txt,1798,1798
0.41833093494380647,0.3313931145589153,0.9999999999999999,0.0,0.9999999999999999,0.39334907009388786,0.6830385485433899,512.3950793469237,-0.00013819484336442247,0.06126545126439632,0.1271521184810402,-0.1505100295338008,0.277662148014841,6.752500834984291,0.054474708171206226,512.3950793469237,2.7271702124355297,left,Amplitude.txt,1799,1799
0.500000000000002,0.2888356434393512,1.0,0.0,1.0,0.5000000000000021,0.500000000000002,599.833426028926,0.0005561735261401557,6.725599058812878e-17,0.0005561735261402911,0.0005561735261385148,1.7763568394002505e-15,0.0005564828551313347,0.0005558643690939411,599.833426028926,2.9957293283324713,left,Time.txt,1799,1799
0.48507125643639015,0.24627835226733058,1.0,0.0,1.0,0.4470356192372352,0.2914812811950006,532.1129768080885,-5.916575818250495e-05,0.061548911900526596,0.12117670823589594,-0.11461456810161308,0.23579127633750901,6.811313157992855,0.05784204671857619,532.1129768080885,2.838302330561784,left,Velocity.txt,1798,1798
0.38144598871687835,0.2447592840828535,0.9999999999999999,0.0,0.9999999999999999,0.30015305062417363,0.28873266043715423,362.1345674855472,-0.0003274062074580509,0.052406876518930674,0.16204757459083136,-0.1699463674551709,0.33199394204600224,4.842234469983315,0.05388542257515598,362.1345674855472,2.7311788054245016,left,Amplitude.txt,1763,1763
0.5116202238359961,0.2822063191675099,1.0000000000000002,0.0,1.0000000000000002,0.511688120404503,0.4883118795955012,601.88054860833,0.0005680174390996571,0.00020597631795660356,0.004689331012892932,-0.0003062051109121444,0.0049955361238050765,0.0006436185064013558,0.0005672149744753262,601.88054860833,2.989579266935209,left,Time.txt,1763,1763
0.4965587167893278,0.18089897705221353,0.9999999999999999,0.0,0.9999999999999999,0.49947241237869927,0.1822949574183449,492.11778844591805,-0.0002841915667760504,0.056301404744722956,0.15910414804842934,-0.2094731666032955,0.36857731465172483,5.585414794175453,0.11634506242905789,492.11778844591805,2.6263371935842184,left,Velocity.txt,1762,1762
0.5660030654170616,0.3601848156940777,1.0,0.0,1.0,0.6828085245586952,0.7787964834985046,807.4660733034484,-0.00018021974411407143,0.058907589236226326,0.1349144269478127,-0.15271240683599083,0.2876268337838035,6.225424968511565,0.044593088071348944,807.4660733034484,2.5811098314917955,right,Amplitude.txt,1794,1794
0.5009630024855896,0.2888229655731282,1.0,0.0,1.0,0.5016675931072839,0.4988882712618143,599.8824477314887,0.0005577234472514458,1.384276184499938e-05,0.0006679442477108,0.0005325413885724772,0.00013540285913832273,0.0005583772358111433,0.0005574136008918618,599.8824477314887,2.9957003434253795,right,Time.txt,1794,1794
0.484441623010399,0.2316868960375179,0.9999999999999999,0.0,0.9999999999999999,0.4705949148752059,0.19139944356624267,517.0339694935053,6.124065874426094e-05,0.05733033335355535,0.18331356512653016,-0.1612979929145754,0.34461155804110555,5.89318017501658,0.10429447852760736,517.0339694935053,2.70290732360036,right,Velocity.txt,1793,1793
0.5400935658855104,0.3724592560714118,1.0,0.0,1.0,0.7014569746146265,0.8268322050257374,774.7685232195523,9.41011115842811e-05,0.061183124196422536,0.1399502289493147,-0.1556781392436324,0.29562836819294713,6.738090374617319,0.042222222222222223,774.7685232195523,2.405975871231027,right,Amplitude.txt,1800,1800
0.5000000000000021,0.2888355542429804,1.0,0.0,1.0,0.5000000000000021,0.500000000000002,600.1667593107331,0.000555864369093941,6.94869857833128e-17,0.0005558643690940501,0.0005558643690922738,1.7763568394002505e-15,0.0005561733542907691,0.0005555555555555556,600.1667593107331,2.9957322735339904,right,Time.txt,1800,1800
0.4996083751142734,0.23976484617801624,1.0,0.0,1.0,0.4774952151450038,0.22706533143959068,552.4651821948191,-0.00011240577548219267,0.05093105175168744,0.11769377782821638,-0.10579053690085793,0.22348431472907432,4.666578416996975,0.07837687604224569,552.4651821948191,2.7217112042980127,right,Velocity.txt,1799,1799
0.5556677037520479,0.37359341568342647,0.9999999999999999,0.0,0.9999999999999999,0.7729775272156764,0.8184810341446208,807.0095470231497,-8.282980076654277e-05,0.04108187916042549,0.12576644146858268,-0.14745652732571496,0.27322296879429764,3.037909781029855,0.024444444444444446,807.0095470231497,2.432994312771657,right,Amplitude.txt,1800,1800
0.5000000000000021,0.2888355542429804,1.0,0.0,1.0,0.5000000000000021,0.500000000000002,600.1667593107331,0.000555864369093941,6.94869857833128e-17,0.0005558643690940501,0.0005558643690922738,1.7763568394002505e-15,0.0005561733542907691,0.0005555555555555556,600.1667593107331,2.9957322735339904,right,Time.txt,1800,1800
0.5068660754177683,0.21850935930019547,1.0,0.0,1.0,0.48257364606003683,0.16012320676702785,548.0825457616356,6.73792658400476e-05,0.043548542072489684,0.14628205567710956,-0.14328974856996174,0.2895718042470713,3.4117676218321593,0.0744858254585881,548.0825457616356,2.56196438101158,right,Velocity.txt,1799,1799
0.4068197703744832,0.309117666631379,1.0,0.0,1.0,0.3571610331372006,0.6081415833153461,469.900903304116,-0.00044306697239269695,0.08311355035473203,0.13879187565489706,-0.17386377760300234,0.3126556532578994,12.434505409639081,0.08611111111111111,469.900903304116,2.8308594673616576,right,Amplitude.txt,1800,1800
0.5000000000000021,0.2888355542429804,1.0,0.0,1.0,0.5000000000000021,0.500000000000002,600.1667593107331,0.000555864369093941,6.94869857833128e-17,0.0005558643690940501,0.0005558643690922738,1.7763568394002505e-15,0.0005561733542907691,0.0005555555555555556,600.1667593107331,2.9957322735339904,right,Time.txt,1800,1800
0.5010992636208819,0.27077987442967844,1.0,0.0,1.0,0.4912973429789295,0.44341684011717397,583.6355601031789,-8.559845474268735e-06,0.08604437748814864,0.16484837093748422,-0.1880270392212154,0.3528754101586996,13.31913931209856,0.09005002779321845,583.6355601031789,2.869842860598439,right,Velocity.txt,1799,1799
0.5459969441940021,0.36177754413570046,1.0,0.0,1.0,0.6762956850099009,0.7732674308554808,772.1921781180846,-0.0003690623779201663,0.05757139873798186,0.14270911308663553,-0.16582014164469944,0.30852925473133497,5.966283887435692,0.041666666666666664,772.1921781180846,2.723753318038307,right,Amplitude.txt,1800,1800
0.5000000000000021,0.2888355542429804,1.0,0.0,1.0,0.5000000000000021,0.500000000000002,600.1667593107331,0.000555864369093941,6.94869857833128e-17,0.0005558643690940501,0.0005558643690922738,1.7763568394002505e-15,0.0005561733542907691,0.0005555555555555556,600.1667593107331,2.9957322735339904,right,Time.txt,1800,1800
0.4784747719799871,0.2160467101589417,1.0,0.0,1.0,0.45956397586934833,0.17756126360020813,495.83010481685267,-6.628262419215777e-05,0.055942613179949176,0.1387324443547021,-0.17086648648821454,0.3095989308429167,5.630115072655061,0.10505836575875487,495.83010481685267,2.6298580409948356,right,Velocity.txt,1799,1799
0.5182947973532646,0.3708585010807701,1.0,0.0,1.0,0.6168575801081193,0.8154827550791545,731.0979446172068,-0.0003562248253189137,0.05822953512953722,0.13620294875596492,-0.15120294922434857,0.28740589798031346,6.103450183550731,0.04388888888888889,731.0979446172068,2.6332477266850254,right,Amplitude.txt,1800,1800
0.5000000000000021,0.2888355542429804,1.0,0.0,1.0,0.5000000000000021,0.500000000000002,600.1667593107331,0.000555864369093941,6.94869857833128e-17,0.0005558643690940501,0.0005558643690922738,1.7763568394002505e-15,0.0005561733542907691,0.0005555555555555556,600.1667593107331,2.9957322735339904,right,Time.txt,1800,1800
0.509329322919797,0.23816175036906984,1.0,0.0,1.0,0.5007292159586424,0.2448967954157315,568.7311439661114,0.00018802747304981162,0.053423934858712295,0.13386070554179563,-0.17220016433941424,0.30606086988120984,5.134619754043282,0.09783212896053363,568.7311439661114,2.749873142968499,right,Velocity.txt,1799,1799
0.5169967162062226,0.3534425171819104,0.9999999999999999,0.0,0.9999999999999999,0.6404846135983688,0.7346675004196068,705.9729915358243,-0.00010152486841561966,0.04045148303900295,0.14473675532340782,-0.12523240641075134,0.2699691617341592,2.94539901723657,0.028888888888888888,705.9729915358243,2.6522222123698005,right,Amplitude.txt,1800,1800
0.5000000000000021,0.2888355542429804,1.0,0.0,1.0,0.5000000000000021,0.500000000000002,600.1667593107331,0.000555864369093941,6.94869857833128e-17,0.0005558643690940501,0.0005558643690922738,1.7763568394002505e-15,0.0005561733542907691,0.0005555555555555556,600.1667593107331,2.9957322735339904,right,Time.txt,1800,1800
0.4930448409364526,0.22655599281300592,0.9999999999999998,0.0,0.9999999999999998,0.5143920046586384,0.1862054673136201,529.6630786633161,0.0002105618623916039,0.04179319194144833,0.12989488295976015,-0.09810489802617722,0.22799978098593737,3.142340696885791,0.0744858254585881,529.6630786633161,2.6483228849601916,right,Velocity.txt,1799,1799
0.5593641911041042,0.32360384332530095,1.0,0.0,1.0,0.7256306260644888,0.6653910632576496,751.6939422680185,1.5449496721455977e-05,0.04191663247572513,0.12427708936789467,-0.1569022432156964,0.28117933258359107,3.1626077702255344,0.027777777777777776,751.6939422680185,2.612925518348983,right,Amplitude.txt,1800,1800
0.5000000000000021,0.2888355542429804,1.0,0.0,1.0,0.5000000000000021,0.500000000000002,600.1667593107331,0.000555864369093941,6.94869857833128e-17,0.0005558643690940501,0.0005558643690922738,1.7763568394002505e-15,0.0005561733542907691,0.0005555555555555556,600.1667593107331,2.9957322735339904,right,Time.txt,1800,1800
0.4932809710268094,0.2118115254048714,1.0,0.0,1.0,0.4777575421258325,0.1823193986233379,518.4542393700112,-0.00017430025976490746,0.04687195014010077,0.1455073037116883,-0.140885946248679,0.2863932499603673,3.952421152839446,0.07782101167315175,518.4542393700112,2.6618278725997517,right,Velocity.txt,1799,1799
0.5682970158078638,0.4039799107881765,1.0,0.0,1.0,0.83210295800875,0.8770408415207498,875.0902796937837,-0.0004494774394116759,0.0521829986486829,0.14505534636553222,-0.15915244756749147,0.30420779393302366,4.901881280286567,0.029444444444444443,875.0902796937837,2.1656764407277596,right,Amplitude.txt,1800,1800
0.5000000000000021,0.2888355542429804,1.0,0.0,1.0,0.5000000000000021,0.500000000000002,600.1667593107331,0.000555864369093941,6.94869857833128e-17,0.0005558643690940501,0.0005558643690922738,1.7763568394002505e-15,0.0005561733542907691,0.0005555555555555556,600.1667593107331,2.9957322735339904,right,Time.txt,1800,1800
0.48758763700580887,0.2198612139799595,1.0,0.0,1.0,0.4843466067381496,0.12828391106787407,514.6591022553964,-0.00021070378018718988,0.04611054730352489,0.1763369716559004,-0.1639482747610852,0.3402852464169856,3.8250823167157515,0.12117843246247915,514.6591022553964,2.5408896527931026,right,Velocity.txt,1799,1799
0.5854984925162958,0.37191333778413455,1.0,0.0,1.0,0.7617375871783766,0.8078319764944849,861.7002758690178,0.0005332204636777741,0.04799326992205387,0.15183893481305877,-0.13816698789082915,0.2900059227038879,4.125816162836344,0.030709101060859854,861.7002758690178,2.4656793591205317,right,Amplitude.txt,1791,1791
0.4979144269114721,0.28778558227360745,1.0,0.0,1.0,0.49777530589544144,0.4977753058954414,592.3541183430298,0.0005586578299978448,4.6089168869849255e-05,0.0014533112419652383,0.00036948590897423195,0.0010838253329910064,0.0005627730034664807,0.0005583472920156337,592.3541183430298,2.9955370619419632,right,Time.txt,1791,1791
0.4779118139062379,0.2315412449289053,1.0,0.0,1.0,0.49300644525043313,0.18507683493696314,504.79977945413634,8.739914733792691e-05,0.045898111568091794,0.1450974943489186,-0.13192186646143686,0.2770193608103555,3.770893268589043,0.09664804469273743,504.79977945413634,2.661167328733011,right,Velocity.txt,1790,1790
0.5350021080079905,0.30698832955372224,0.9999999999999999,0.0,0.9999999999999999,0.563270058745781,0.595125800296622,628.1544676810994,-0.00011450979272459892,0.05906704327763432,0.16753402259009878,-0.1792130668743146,0.34674708946441335,5.76022130690407,0.047244094488188976,628.1544676810994,2.7886219896899314,right,Amplitude.txt,1651,1651
0.5206330962112495,0.28798312159522177,1.0,0.0,1.0,0.5359955005624322,0.47238588183470287,584.4426067696912,0.0006060341791013251,0.00029411137855162007,0.003624328427478063,-7.472842118512457e-05,0.0036990568486631875,0.0007491890121629425,0.0006056935190793458,584.4426067696912,2.983679994177107,right,Time.txt,1651,1651
0.48406776606614005,0.1855918775996757,0.9999999999999999,0.0,0.9999999999999999,0.47339717182196894,0.1417579455362445,443.4638128391399,0.00011589633552373301,0.0667886074321932,0.19516146884495938,-0.2144928297590078,0.4096542986039672,7.360206999242131,0.15333333333333332,443.4638128391399,2.545535053504093,right,Velocity.txt,1650,1650
0.5757263265031634,0.3426054056621491,1.0,0.0,1.0,0.6761481564213037,0.6764431679640445,402.6088225149242,-0.000745674893771307,0.09108611476876491,0.1557533366118088,-0.2238993673143147,0.3796527039261235,7.442620992240086,0.07915273132664437,402.6088225149242,2.7629244820469543,right,Amplitude.txt,897,897
0.5013175794236896,0.2885566960728066,1.0,0.0,1.0,0.5016685205784225,0.4983314794215815,300.12210121205027,0.0011160672765354292,2.7994958628394008e-05,0.0013366314812366248,0.0010656751479888316,0.0002709563332477932,0.001118011725465249,0.0011148272017837235,300.12210121205027,2.9956750754376977,right,Time.txt,897,897
0.5361849048196025,0.24723097083750684,1.0,0.0,1.0,0.5227522033228305,0.3865320863836198,312.3611949675053,-0.0010894420732186047,0.07271584094120584,0.14915525301511565,-0.12015764752101504,0.26931290053613066,4.738747245404611,0.09263392857142858,312.3611949675053,2.8140691320419293,right,Velocity.txt,896,896
0.524440039081768,0.3322982787391599,0.9999999999999999,0.0,0.9999999999999999,0.6368707207498032,0.6645322285659176,686.1179111482688,-0.00011168889924815926,0.03659069083976691,0.10911708019758404,-0.10998211051156309,0.21909919070914713,2.3832262123640784,0.030337078651685393,686.1179111482688,2.8225367208070806,right,Amplitude.txt,1780,1780
0.5029701269744136,0.28875883963493665,1.0,0.0,1.0,0.5055586436909415,0.4988882712618142,598.7218966508316,0.0005621100361624123,2.619653499157223e-05,0.0007754891023373581,0.0005325413885724772,0.00024294771376488083,0.00056364403313613,0.0005617977528089888,598.7218966508316,2.995611616003666,right,Time.txt,1780,1780
0.4883019861348496,0.24025704890774394,1.0,0.0,1.0,0.49614587237416197,0.19849387691632903,526.8726947200993,-5.940185847228073e-05,0.04214820581106721,0.1388044133750737,-0.13433630230963628,0.27314071568471,3.1603486365960354,0.08768971332209106,526.8726947200993,2.690985848535079,right,Velocity.txt,1779,1779
0.5353549216475805,0.37179719704438324,1.0,0.0,1.0,0.6525779702046363,0.8165931481020205,764.2836481043622,2.3447970069873433e-05,0.06879598169317616,0.157115188208746,-0.1656159803372683,0.3227311685460143,8.514464876836298,0.05113952195664258,764.2836481043622,2.5662088207417364,right,Amplitude.txt,1799,1799
0.500000000000002,0.2888356434393512,1.0,0.0,1.0,0.5000000000000021,0.500000000000002,599.833426028926,0.0005561735261401557,6.725599058812878e-17,0.0005561735261402911,0.0005561735261385148,1.7763568394002505e-15,0.0005564828551313347,0.0005558643690939411,599.833426028926,2.9957293283324713,right,Time.txt,1799,1799
0.4978701989751447,0.25418457405946354,1.0,0.0,1.0,0.48627001074344667,0.30273152164839745,561.8471898257792,3.214689066511438e-05,0.057900032481132124,0.11474654108391716,-0.12313203219794042,0.23787857328185757,6.027641800940245,0.08843159065628477,561.8471898257792,2.812642317540581,right,Velocity.txt,1798,1798
0.5934447937459164,0.3152462885046921,1.0,0.0,1.0,0.7434750629641141,0.5613740203482207,812.8025021522103,-0.0002728312045033487,0.046603729566291635,0.10231195927787937,-0.14218060989673514,0.2444925691746145,3.9095676834375523,0.03722222222222222,812.8025021522103,2.7338271816295348,right,Amplitude.txt,1800,1800
0.5000000000000021,0.2888355542429804,1.0,0.0,1.0,0.5000000000000021,0.500000000000002,600.1667593107331,0.000555864369093941,6.94869857833128e-17,0.0005558643690940501,0.0005558643690922738,1.7763568394002505e-15,0.0005561733542907691,0.0005555555555555556,600.1667593107331,2.9957322735339904,right,Time.txt,1800,1800
0.5002851270912133,0.2429902506402199,1.0,0.0,1.0,0.4763426461245252,0.23636713559981726,556.483717060468,-0.00020938313533610902,0.04853111272808288,0.1686116673250751,-0.16492927357347514,0.33354094089855024,4.237207626317929,0.04780433574207893,556.483717060468,2.7525821779249338,right,Velocity.txt,1799,1799
0.49181930861522366,0.3619205089526091,1.0,0.0,1.0,0.5392449143842669,0.7851906393231957,633.8835681163628,-0.000373160796295039,0.0664796597491735,0.16055784873445428,-0.16089316660617253,0.3214510153406268,7.51346349588781,0.05,633.8835681163628,2.566940590728067,right,Amplitude.txt,1700,1700
0.5103089951934102,0.29000226032122867,1.0,0.0,1.0,0.5188993885491961,0.50111172873819,585.6781886634404,0.0005885622731582904,0.00018916268350535053,0.002124982669729769,0.00022934264179400032,0.0018956400279357688,0.0006497197193675392,0.000588235294117647,585.6781886634404,2.9930365563198738,right,Time.txt,1700,1700
0.48815720267256374,0.237960517952053,1.0,0.0,1.0,0.4847811926133099,0.24638572228832806,501.073603800065,-0.0004647156303972956,0.05985250715863872,0.12611114598029327,-0.18308103836786582,0.3091921843481591,6.086733036872668,0.12065921130076515,501.073603800065,2.7574426596139774,right,Velocity.txt,1699,1699
0.5863270917103289,0.37174316280025016,0.9999999999999999,0.0,0.9999999999999999,0.7770728805272472,0.7786959591505217,866.1044702993198,-2.8508199188969547e-05,0.06694314457523143,0.15435798417528082,-0.16770221654911874,0.32206020072439956,8.053049596752953,0.047857540345019475,866.1044702993198,2.530480146673685,right,Amplitude.txt,1797,1797
0.4998860122314928,0.28901092933606254,1.0,0.0,1.0,0.49972206781545514,0.500833796553643,599.1437764732165,0.0005567923563545319,9.927563085523683e-06,0.0006679442477108277,0.0005325413885724495,0.00013540285913837824,0.0005572789634327574,0.0005564830272676684,599.1437764732165,2.9957243562550513,right,Time.txt,1797,1797
0.49564439081565304,0.24109779124999614,1.0,0.0,1.0,0.4672961814322637,0.2474129664481335,545.6095467383932,9.079722568027843e-05,0.057872789944001524,0.12265841529238053,-0.11766432942515076,0.2403227447175313,6.015285435829532,0.08240534521158129,545.6095467383932,2.731340916890999,right,Velocity.txt,1796,1796
0.48370959754971155,0.3324359387815206,1.0,0.0,1.0,0.509672102492148,0.6839367239908608,620.0795306794587,-5.060135778663056e-05,0.07555436548038516,0.14093199571587442,-0.15217183624487196,0.2931038319607464,10.27523646655385,0.07222222222222222,620.0795306794587,2.8481266753982686,right,Amplitude.txt,1800,1800
0.5000000000000021,0.2888355542429804,1.0,0.0,1.0,0.5000000000000021,0.500000000000002,600.1667593107331,0.000555864369093941,6.94869857833128e-17,0.0005558643690940501,0.0005558643690922738,1.7763568394002505e-15,0.0005561733542907691,0.0005555555555555556,600.1667593107331,2.9957322735339904,right,Time.txt,1800,1800
0.514905268105177,0.25718030240302514,1.0,0.0,1.0,0.5389452585385696,0.38442950622665295,595.9531883767697,1.087305301822317e-05,0.06976678190448894,0.17408704022186036,-0.1323184589422891,0.3064054991641495,8.756459751981723,0.07615341856586992,595.9531883767697,2.9043088447686083,right,Velocity.txt,1799,1799
0.47037785441415786,0.3789387005111607,1.0,0.0,1.0,0.6394093164519452,0.7959259922340282,656.7297564030368,0.00014259807510898153,0.024796387442921022,0.12483630667943563,-0.10077319334527485,0.22560950002471047,1.106786095974857,0.013333333333333334,656.7297564030368,2.3756014057639887,right,Amplitude.txt,1800,1800
0.5000000000000021,0.2888355542429804,1.0,0.0,1.0,0.5000000000000021,0.500000000000002,600.1667593107331,0.000555864369093941,6.94869857833128e-17,0.0005558643690940501,0.0005558643690922738,1.7763568394002505e-15,0.0005561733542907691,0.0005555555555555556,600.1667593107331,2.9957322735339904,right,Time.txt,1800,1800
0.49800790176394283,0.18595696906271428,1.0,0.0,1.0,0.4995627518611537,0.09666097039553245,508.3827643476068,-0.0002646316343740942,0.0357923772610037,0.1226350632798876,-0.15653620320967082,0.2791712664895584,2.304814575512771,0.13952195664257921,508.3827643476068,2.3665398858703197,right,Velocity.txt,1799,1799
0.5814849347121572,0.37504454917617086,1.0,0.0,1.0,0.7860526952099021,0.80590289810047,861.8096576951261,-9.158232281664172e-06,0.055850645745217226,0.1388886403068537,-0.15574082199979655,0.2946294623066502,5.614730485255746,0.03777777777777778,861.8096576951261,2.4729212871027495,right,Amplitude.txt,1800,1800
0.5000000000000021,0.2888355542429804,1.0,0.0,1.0,0.5000000000000021,0.500000000000002,600.1667593107331,0.000555864369093941,6.94869857833128e-17,0.0005558643690940501,0.0005558643690922738,1.7763568394002505e-15,0.0005561733542907691,0.0005555555555555556,600.1667593107331,2.9957322735339904,right,Time.txt,1800,1800
0.4875982378874172,0.22011822228001154,1.0,0.0,1.0,0.4666886532318113,0.16033001837709782,514.8811279937577,-3.4582385995270356e-05,0.0507622040298476,0.11158186376749174,-0.12301816227011164,0.23460002603760338,4.635667794482825,0.10450250138966093,514.8811279937577,2.6324559151590785,right,Velocity.txt,1799,1799
0.5482765539669491,0.3663892646859064,1.0,0.0,1.0,0.6077205065447007,0.7787026028869319,782.7268912325137,4.361665121241747e-05,0.05019528515452497,0.1367165814903819,-0.12107685336738865,0.25779343485777056,4.535223397481408,0.03777777777777778,782.7268912325137,2.6977879438424877,right,Amplitude.txt,1800,1800
0.5000000000000021,0.2888355542429804,1.0,0.0,1.0,0.5000000000000021,0.500000000000002,600.1667593107331,0.000555864369093941,6.94869857833128e-17,0.0005558643690940501,0.0005558643690922738,1.7763568394002505e-15,0.0005561733542907691,0.0005555555555555556,600.1667593107331,2.9957322735339904,right,Time.txt,1800,1800
0.524657793241683,0.22366631927705044,1.0,0.0,1.0,0.5335331358434742,0.20685145294676754,585.2010678763288,2.434136756337232e-05,0.05242022528255829,0.19182717676002187,-0.1859882701492841,0.37781544690930596,4.943437219506231,0.1000555864369094,585.2010678763288,2.683052944698333,right,Velocity.txt,1799,1799
0.5284919795411054,0.3287889002749803,1.0,0.0,1.0,0.6002465720408927,0.662485433908731,696.9432381765696,9.63107589639574e-06,0.08063355656234848,0.15040353522443917,-0.15718439297317993,0.3075879281976191,11.696685195435286,0.0744858254585881,696.9432381765696,2.805844391300949,right,Amplitude.txt,1799,1799
0.500000000000002,0.2888356434393512,1.0,0.0,1.0,0.5000000000000021,0.500000000000002,599.833426028926,0.0005561735261401557,6.725599058812878e-17,0.0005561735261402911,0.0005561735261385148,1.7763568394002505e-15,0.0005564828551313347,0.0005558643690939411,599.833426028926,2.9957293283324713,right,Time.txt,1799,1799
0.5122887125460157,0.2790589951819002,1.0,0.0,1.0,0.5072116813105254,0.4151062132566608,611.883938733587,1.5347013172533543e-05,0.07742387221924225,0.16412355520156569,-0.1279339707440995,0.2920575259456652,10.778032292464353,0.07508342602892103,611.883938733587,2.9160219905896385,right,Velocity.txt,1798,1798
0.5010222192983619,0.374153178995302,1.0,0.0,1.0,0.6045057291948511,0.8075373945821419,703.8249580493035,8.65713119929261e-05,0.05148030150083676,0.14244959511735036,-0.14293448389832714,0.2853840790156775,4.7704120869764095,0.03666666666666667,703.8249580493035,2.5882694039612133,right,Amplitude.txt,1800,1800
0.5000000000000021,0.2888355542429804,1.0,0.0,1.0,0.5000000000000021,0.500000000000002,600.1667593107331,0.000555864369093941,6.94869857833128e-17,0.0005558643690940501,0.0005558643690922738,1.7763568394002505e-15,0.0005561733542907691,0.0005555555555555556,600.1667593107331,2.9957322735339904,right,Time.txt,1800,1800
0.4907298607398231,0.24866848425618981,1.0,0.0,1.0,0.5037652040024231,0.2573164314311116,544.4706084999107,-4.69233591922852e-05,0.047450422282892486,0.11773046382140956,-0.09102317502825447,0.20875363884966402,4.050529053150997,0.0839355197331851,544.4706084999107,2.7587450294851785,right,Velocity.txt,1799,1799
0.5023078410636848,0.3310494749324592,0.9999999999999999,0.0,0.9999999999999999,0.6516623161841282,0.6695662103507666,651.4324596848103,0.0003502535475259934,0.05265007343829289,0.11992606924037477,-0.15822038224892748,0.2781464514893023,4.98987523908934,0.04055555555555555,651.4324596848103,2.730212226585576,right,Amplitude.txt,1800,1800
0.5000000000000021,0.2888355542429804,1.0,0.0,1.0,0.5000000000000021,0.500000000000002,600.1667593107331,0.000555864369093941,6.94869857833128e-17,0.0005558643690940501,0.0005558643690922738,1.7763568394002505e-15,0.0005561733542907691,0.0005555555555555556,600.1667593107331,2.9957322735339904,right,Time.txt,1800,1800
0.49644236531067154,0.23541794130885027,1.0,0.0,1.0,0.45130104463541526,0.2319768709687171,543.0760558684674,-0.00014254129071192672,0.050317660055461545,0.11541115833756033,-0.11441539770367726,0.22982655604123758,4.554865129426311,0.04780433574207893,543.0760558684674,2.697905299228292,right,Velocity.txt,1799,1799
0.5109662351786441,0.3210588012276664,0.9999999999999999,0.0,0.9999999999999999,0.6249035056905112,0.6588353239774893,655.4974452090905,-0.0004434355887013856,0.03446782676588894,0.11446437437927143,-0.09730439875656846,0.2117687731358399,2.1388098907523827,0.029444444444444443,655.4974452090905,2.7457410068103076,right,Amplitude.txt,1800,1800
0.5000000000000021,0.2888355542429804,1.0,0.0,1.0,0.5000000000000021,0.500000000000002,600.1667593107331,0.000555864369093941,6.94869857833128e-17,0.0005558643690940501,0.0005558643690922738,1.7763568394002505e-15,0.0005561733542907691,0.0005555555555555556,600.1667593107331,2.9957322735339904,right,Time.txt,1800,1800
0.49030464661447265,0.2454060744514555,1.0,0.0,1.0,0.49746720905212793,0.23806429386256434,540.8203953770799,-0.00010626721330072073,0.0410546784495153,0.12100192907335744,-0.10253895405057381,0.22354088312393125,3.0322107496493795,0.0717065036131184,540.8203953770799,2.718351139044747,right,Velocity.txt,1799,1799
0.5125778152833929,0.3215134292410236,1.0000000000000002,0.0,1.0000000000000002,0.6276362580690997,0.6610680641804176,658.9924234254337,-0.0004468531914836402,0.03450596532166431,0.11482858652672073,-0.09509176533775862,0.20992035186447935,2.143550376998351,0.029444444444444443,658.9924234254337,2.7377530763600353,right,Amplitude.txt,1800,1800
0.5000000000000021,0.2888355542429804,1.0,0.0,1.0,0.5000000000000021,0.500000000000002,600.1667593107331,0.000555864369093941,6.94869857833128e-17,0.0005558643690940501,0.0005558643690922738,1.7763568394002505e-15,0.0005561733542907691,0.0005555555555555556,600.1667593107331,2.9957322735339904,right,Time.txt,1800,1800
0.4817470872414651,0.2401923946335326,1.0,0.0,1.0,0.4891134524287347,0.2305830495773767,521.3009838672622,-8.571931787544482e-05,0.04036965050101245,0.11544833514821592,-0.10391550260692928,0.2193638377551452,2.9318591368462568,0.07726514730405781,521.3009838672622,2.695476402874256,right,Velocity.txt,1799,1799
0.4438682061968888,0.3074058779954353,1.0,0.0,1.0,0.502018963522316,0.6125718503309722,524.7312449374589,-0.0004017350551783244,0.035033852904549655,0.12251256879544362,-0.11378155907545168,0.2362941278708953,2.2095580327059268,0.030555555555555555,524.7312449374589,2.6889035660225242,right,Amplitude.txt,1800,1800
0.5000000000000021,0.2888355542429804,1.0,0.0,1.0,0.5000000000000021,0.500000000000002,600.1667593107331,0.000555864369093941,6.94869857833128e-17,0.0005558643690940501,0.0005558643690922738,1.7763568394002505e-15,0.0005561733542907691,0.0005555555555555556,600.1667593107331,2.9957322735339904,right,Time.txt,1800,1800
0.4916319095430022,0.23375175932313458,1.0,0.0,1.0,0.49504914404995143,0.18000374485000104,533.1189332221393,-0.0001487481167385162,0.043777436596754205,0.12451084069201301,-0.12791951000291452,0.25243035069492753,3.447758459692137,0.1056142301278488,533.1189332221393,2.657877689033583,right,Velocity.txt,1799,1799
0.4896043550615117,0.3445912597171181,1.0,0.0,1.0,0.5441932416766365,0.7225155108968142,645.2200093835324,-0.0004414241831548122,0.06450305416500599,0.1359952195920803,-0.15986919253249185,0.29586441212457215,7.489509933461705,0.05611111111111111,645.2200093835324,2.799659144433648,right,Amplitude.txt,1800,1800
0.5000000000000021,0.2888355542429804,1.0,0.0,1.0,0.5000000000000021,0.500000000000002,600.1667593107331,0.000555864369093941,6.94869857833128e-17,0.0005558643690940501,0.0005558643690922738,1.7763568394002505e-15,0.0005561733542907691,0.0005555555555555556,600.1667593107331,2.9957322735339904,right,Time.txt,1800,1800
0.5088860169712304,0.24950932030429357,1.0,0.0,1.0,0.5118370283808665,0.30807025394241117,577.8745626584094,-7.906720780987176e-05,0.06190551254241021,0.15392999445747468,-0.10956168530904703,0.2634916797665217,6.894305423836584,0.1122846025569761,577.8745626584094,2.822587065997705,right,Velocity.txt,1799,1799
0.41138656082473535,0.3041624387875737,1.0,0.0,1.0,0.40370307144095885,0.610730203963915,469.8478764155527,-0.00047695672416129674,0.07395630723778701,0.13309511070863647,-0.16849479130256204,0.3015899020111985,9.818224348000172,0.07855153203342619,469.8478764155527,2.800130458146777,right,Amplitude.txt,1795,1795
0.5004356434416473,0.2888638974179486,1.0,0.0,1.0,0.5005561735261422,0.500000000000002,599.311341102725,0.0005574129100424179,1.1459326772614372e-05,0.0006683157406183471,0.0005328375739944019,0.00013547816662394518,0.0005579586408714086,0.0005571030640668524,599.311341102725,2.9957206131716503,right,Time.txt,1795,1795
0.5317741632575125,0.24798483439266233,1.0,0.0,1.0,0.5144562973558031,0.3710424377249703,617.6387484017888,-0.0003218328375449984,0.07217335326957647,0.15864878300328636,-0.17511575651985684,0.3337645395231432,9.345119118399428,0.07915273132664437,617.6387484017888,2.8220260286596686,right,Velocity.txt,1794,1794
0.5844810584324884,0.3353042078086792,1.0,0.0,1.0,0.7398863195748328,0.6373752598176845,816.8305879735816,-6.809209072695176e-05,0.04474528968449057,0.10283292298135599,-0.1314732195196331,0.23430614250098908,3.6018599082817544,0.03446359088382435,816.8305879735816,2.722970791949367,right,Amplitude.txt,1799,1799
0.500000000000002,0.2888356434393512,1.0,0.0,1.0,0.5000000000000021,0.500000000000002,599.833426028926,0.0005561735261401557,6.725599058812878e-17,0.0005561735261402911,0.0005561735261385148,1.7763568394002505e-15,0.0005564828551313347,0.0005558643690939411,599.833426028926,2.9957293283324713,right,Time.txt,1799,1799
0.4873952669928743,0.24549686701081377,1.0,0.0,1.0,0.47704540437395704,0.23788669015215785,535.4854986825263,6.48673880755977e-05,0.04612990031430926,0.17731286135555496,-0.11096180902418423,0.2882746703797392,3.82609349559349,0.05339265850945495,535.4854986825263,2.789761490150088,right,Velocity.txt,1798,1798
0.5295872075410668,0.3478935283792116,0.9999999999999998,0.0,0.9999999999999998,0.6303643706838675,0.7470825855496239,722.6865314627082,9.237062996368702e-06,0.0581027904558795,0.14035451760286038,-0.16346255257824233,0.3038170701811027,6.076681819349715,0.04555555555555556,722.6865314627082,2.701102427932038,right,Amplitude.txt,1800,1800
0.5000000000000021,0.2888355542429804,1.0,0.0,1.0,0.5000000000000021,0.500000000000002,600.1667593107331,0.000555864369093941,6.94869857833128e-17,0.0005558643690940501,0.0005558643690922738,1.7763568394002505e-15,0.0005561733542907691,0.0005555555555555556,600.1667593107331,2.9957322735339904,right,Time.txt,1800,1800
0.5167561526029486,0.22853620397508628,1.0,0.0,1.0,0.5094150094923728,0.23340291168863458,574.3590262868391,1.6806664206263728e-05,0.05467619036397862,0.16468190293265847,-0.16231621408787072,0.32699811702052917,5.378085449252399,0.09783212896053363,574.3590262868391,2.7208443980730364,right,Velocity.txt,1799,1799
0.4676010009381768,0.2820552135880036,1.0,0.0,1.0,0.4976961024103968,0.5194376539160926,536.472305423416,-0.00010602197444155706,0.06549814754689719,0.15204571608732886,-0.16066442122204846,0.31271013730937736,7.717743412348788,0.07226236798221233,536.472305423416,2.8873846338845377,right,Amplitude.txt,1799,1799
0.500000000000002,0.2888356434393512,1.0,0.0,1.0,0.5000000000000021,0.500000000000002,599.833426028926,0.0005561735261401557,6.725599058812878e-17,0.0005561735261402911,0.0005561735261385148,1.7763568394002505e-15,0.0005564828551313347,0.0005558643690939411,599.833426028926,2.9957293283324713,right,Time.txt,1799,1799
0.48705065291523164,0.23435533686340485,1.0,0.0,1.0,0.47711961714999834,0.33930378017101365,525.269090833881,8.539207620972014e-06,0.06616704633369894,0.17749152900396853,-0.13952556215526757,0.3170170911592361,7.871784412012182,0.07842046718576196,525.269090833881,2.8313407122122016,right,Velocity.txt,1798,1798
0.5652860430369049,0.3385107287592309,0.9999999999999999,0.0,0.9999999999999999,0.6774897233506082,0.684409910072163,781.0139452634313,1.9832529378816613e-06,0.06766798195941098,0.14443147818177213,-0.165407708856541,0.30983918703831315,8.237541459720038,0.05669816564758199,781.0139452634313,2.777350431088789,right,Amplitude.txt,1799,1799
0.500000000000002,0.2888356434393512,1.0,0.0,1.0,0.5000000000000021,0.500000000000002,599.833426028926,0.0005561735261401557,6.725599058812878e-17,0.0005561735261402911,0.0005561735261385148,1.7763568394002505e-15,0.0005564828551313347,0.0005558643690939411,599.833426028926,2.9957293283324713,right,Time.txt,1799,1799
0.4900212322815923,0.2480116938223387,1.0,0.0,1.0,0.4746579301881449,0.29986175394649073,542.3318338301934,0.00022202225803784022,0.062167185111899066,0.12969901003466217,-0.1338590039156891,0.2635580139503513,6.9489251411191,0.060622914349276975,542.3318338301934,2.841903566325086,right,Velocity.txt,1798,1798
0.5197591507451627,0.37803456320656204,1.0,0.0,1.0,0.6379696225913923,0.8299346356343434,743.507470371796,6.945425738398693e-05,0.06973167999194044,0.15574538795929324,-0.176251739564858,0.3319971275241512,8.75252163310606,0.05,743.507470371796,2.5950126886305678,right,Amplitude.txt,1800,1800
0.5000000000000021,0.2888355542429804,1.0,0.0,1.0,0.5000000000000021,0.500000000000002,600.1667593107331,0.000555864369093941,6.94869857833128e-17,0.0005558643690940501,0.0005558643690922738,1.7763568394002505e-15,0.0005561733542907691,0.0005555555555555556,600.1667593107331,2.9957322735339904,right,Time.txt,1800,1800
0.49125537279755027,0.2450402003984807,1.0,0.0,1.0,0.4783979732860183,0.2681487965142491,542.176397463704,0.0003096385062067438,0.059405015944442856,0.13951758725261298,-0.1501326958408177,0.28965028309343066,6.3487641798599,0.0839355197331851,542.176397463704,2.8229975635917652,right,Velocity.txt,1799,1799
0.4315556049023298,0.26042942288706133,0.9999999999999999,0.0,0.9999999999999999,0.46056929775671607,0.46319639977014165,457.31470397022645,-5.1832873507222285e-05,0.05475038204767193,0.11206964974292608,-0.16074116890166937,0.27281081864459544,5.395692637823062,0.06555555555555556,457.31470397022645,2.8467939426692888,right,Amplitude.txt,1800,1800
0.5000000000000021,0.2888355542429804,1.0,0.0,1.0,0.5000000000000021,0.500000000000002,600.1667593107331,0.000555864369093941,6.94869857833128e-17,0.0005558643690940501,0.0005558643690922738,1.7763568394002505e-15,0.0005561733542907691,0.0005555555555555556,600.1667593107331,2.9957322735339904,right,Time.txt,1800,1800
0.4865302813451805,0.2277239504111819,0.9999999999999998,0.0,0.9999999999999998,0.5294102741276349,0.34592723540252157,519.1372721497941,-0.00011995906726302412,0.0624339053443531,0.15663438701503607,-0.13929808835508423,0.2959324753701203,7.012514461179103,0.07893274041133963,519.1372721497941,2.7864751611663356,right,Velocity.txt,1799,1799
0.3660072316976828,0.25236558945464715,0.9999999999999999,0.0,0.9999999999999999,0.34410027677204397,0.47461458239304344,355.57178222803117,-0.00024190462180789029,0.0788745317803042,0.13640388200907913,-0.18246914507887457,0.31887302708795373,11.192029256253473,0.09727626459143969,355.57178222803117,2.795577149517018,right,Amplitude.txt,1799,1799
0.500000000000002,0.2888356434393512,1.0,0.0,1.0,0.5000000000000021,0.500000000000002,599.833426028926,0.0005561735261401557,6.725599058812878e-17,0.0005561735261402911,0.0005561735261385148,1.7763568394002505e-15,0.0005564828551313347,0.0005558643690939411,599.833426028926,2.9957293283324713,right,Time.txt,1799,1799
0.5169031224798145,0.2637191744300505,1.0,0.0,1.0,0.5542854371083504,0.46718566739000045,605.4524805026261,0.00015493766525035742,0.09119671513526062,0.20810529384273635,-0.22148386538536236,0.4295891592280987,14.953723013141289,0.10956618464961068,605.4524805026261,2.872781520020356,right,Velocity.txt,1798,1798
0.4891449422713688,0.34741528591541115,1.0,0.0,1.0,0.5318845750940533,0.7333132604608021,647.5683196317883,0.0003022063677768764,0.07294718664432402,0.15067448617529222,-0.16972669144324218,0.32040117761853437,9.573168679051015,0.06170094496942746,647.5683196317883,2.8020220825834947,right,Amplitude.txt,1799,1799
0.500000000000002,0.2888356434393512,1.0,0.0,1.0,0.5000000000000021,0.500000000000002,599.833426028926,0.0005561735261401557,6.725599058812878e-17,0.0005561735261402911,0.0005561735261385148,1.7763568394002505e-15,0.0005564828551313347,0.0005558643690939411,599.833426028926,2.9957293283324713,right,Time.txt,1799,1799
0.4917051781536644,0.2538705253905739,1.0,0.0,1.0,0.469731378246137,0.32193727165130914,550.5911581416128,-0.0002904225796097433,0.06676440751393904,0.14218692075247702,-0.1198078268855173,0.26199474763799435,8.014711679819797,0.07730812013348165,550.5911581416128,2.8641036121145493,right,Velocity.txt,1798,1798
0.5305152283427661,0.32406678746934026,0.9999999999999999,0.0,0.9999999999999999,0.6584507839672322,0.6382577940115032,695.6382424396966,-0.00029969983957312137,0.05765181156776949,0.13551369232973165,-0.149254198829735,0.28476789115946666,5.982878154670992,0.051666666666666666,695.6382424396966,2.763283334040514,right,Amplitude.txt,1800,1800
0.5000000000000021,0.2888355542429804,1.0,0.0,1.0,0.5000000000000021,0.500000000000002,600.1667593107331,0.000555864369093941,6.94869857833128e-17,0.0005558643690940501,0.0005558643690922738,1.7763568394002505e-15,0.0005561733542907691,0.0005555555555555556,600.1667593107331,2.9957322735339904,right,Time.txt,1800,1800
0.49322583623922095,0.23423795935111033,1.0,0.0,1.0,0.48980267973798786,0.2717702360522978,536.3523256955973,-0.00021613620945978515,0.055018339801362746,0.1345607191529421,-0.11040117118774495,0.24496189034068705,5.445688908417301,0.07226236798221233,536.3523256955973,2.8105599594281796,right,Velocity.txt,1799,1799
0.5898821262041066,0.35408693129959223,0.9999999999999999,0.0,0.9999999999999999,0.7875015805401144,0.76883460917127,851.535921440299,3.394545818188341e-05,0.02103279004587899,0.11701868155085979,-0.10787458274659965,0.22489326429745943,0.7958405575252756,0.011117287381878822,851.535921440299,2.3416243760804845,right,Amplitude.txt,1799,1799
0.500000000000002,0.2888356434393512,1.0,0.0,1.0,0.5000000000000021,0.500000000000002,599.833426028926,0.0005561735261401557,6.725599058812878e-17,0.0005561735261402911,0.0005561735261385148,1.7763568394002505e-15,0.0005564828551313347,0.0005558643690939411,599.833426028926,2.9957293283324713,right,Time.txt,1799,1799
0.4958313365629486,0.1857738296656375,1.0,0.0,1.0,0.49461203703729695,0.15403639902138389,504.0884129313742,-0.00013072320424935516,0.052899302283518086,0.16886534183277052,-0.18222832655845264,0.35109366839122313,5.031439180609193,0.12013348164627363,504.0884129313742,2.586721925364259,right,Velocity.txt,1798,1798
0.3871151111854567,0.22071699163958833,1.0,0.0,1.0,0.3229947422551682,0.30085578684348674,357.2348053720989,-0.0004312835085554094,0.039468989793061626,0.1430235541931893,-0.15877057296757888,0.30179412716076814,2.8028189021884478,0.05169538632573652,357.2348053720989,2.642348891930002,right,Amplitude.txt,1799,1799
0.500000000000002,0.2888356434393512,1.0,0.0,1.0,0.5000000000000021,0.500000000000002,599.833426028926,0.0005561735261401557,6.725599058812878e-17,0.0005561735261402911,0.0005561735261385148,1.7763568394002505e-15,0.0005564828551313347,0.0005558643690939411,599.833426028926,2.9957293283324713,right,Time.txt,1799,1799
0.5042500483358882,0.1816026245652721,1.0,0.0,1.0,0.5064882907880385,0.22456564029388815,516.4712288433417,-0.0001600885547297108,0.0483169622373063,0.15805891192008092,-0.16734075969976947,0.3253996716198504,4.197528933799575,0.09010011123470522,516.4712288433417,2.690163077213666,right,Velocity.txt,1798,1798
0.6179410055841651,0.267738065569097,1.0,0.0,1.0,0.6589151575933417,0.4689848512972622,816.362564646692,6.918960075263945e-05,0.02146158568584102,0.10358810986476344,-0.10096662928227584,0.20455473914703928,0.8290880052327875,0.023333333333333334,816.362564646692,2.873987258092684,right,Amplitude.txt,1800,1800
0.5000000000000021,0.2888355542429804,1.0,0.0,1.0,0.5000000000000021,0.500000000000002,600.1667593107331,0.000555864369093941,6.94869857833128e-17,0.0005558643690940501,0.0005558643690922738,1.7763568394002505e-15,0.0005561733542907691,0.0005555555555555556,600.1667593107331,2.9957322735339904,right,Time.txt,1800,1800
0.4859477394971413,0.17006269056291234,1.0,0.0,1.0,0.4804080336427764,0.17061667271620623,476.8546771147372,-0.00043192404145451656,0.03981075275087546,0.17424546371958427,-0.24206162362744266,0.4163070873470269,2.851563584751095,0.08727070594774874,476.8546771147372,2.5459620534117766,right,Velocity.txt,1799,1799
0.4140714903507724,0.3397310657550544,1.0,0.0,1.0,0.35106124683949685,0.6936001574916828,516.3703130886747,-0.00029427496066311353,0.0688068942565625,0.1559791785933191,-0.2024734515382577,0.3584526301315768,8.522055530975246,0.06388888888888888,516.3703130886747,2.7847691589873462,right,Amplitude.txt,1800,1800
0.5000000000000021,0.2888355542429804,1.0,0.0,1.0,0.5000000000000021,0.500000000000002,600.1667593107331,0.000555864369093941,6.94869857833128e-17,0.0005558643690940501,0.0005558643690922738,1.7763568394002505e-15,0.0005561733542907691,0.0005555555555555556,600.1667593107331,2.9957322735339904,right,Time.txt,1800,1800
0.5190825440082245,0.22184741123802032,1.0000000000000002,0.0,1.0000000000000002,0.5157485201355678,0.2920680142264479,573.2746674993438,0.00025667364040372523,0.06216681952947589,0.135475285772172,-0.1746057494303273,0.3100810352024993,6.952738017850818,0.11117287381878821,573.2746674993438,2.7806780226664665,right,Velocity.txt,1799,1799
0.3463271247886553,0.21976850655807065,1.0,0.0,1.0,0.3300659640218332,0.2940131175488903,300.81432482438515,-0.00023112481277921907,0.0518788964041656,0.19903096902423564,-0.1831011385775625,0.38213210760179817,4.812354279698292,0.08053691275167785,300.81432482438515,2.6752853217092207,right,Amplitude.txt,1788,1788
0.4994721153810303,0.28953944534043624,1.0,0.0,1.0,0.4988882712618141,0.5033351862145656,595.9502061988327,0.0005595950024435647,1.946886820033437e-05,0.0006679442477108832,0.0005325413885724495,0.00013540285913843375,0.0005605837792168017,0.0005592841163310962,595.9502061988327,2.995679493548981,right,Time.txt,1788,1788
0.4928679725233355,0.12733115566731026,1.0,0.0,1.0,0.49651828950227345,0.1249077011633854,463.0689939770482,0.00014462340585439542,0.06943409815717591,0.2450116808613884,-0.28541186101432414,0.5304235418757125,8.615332331356958,0.20313374370453274,463.0689939770482,2.306921777193031,right,Velocity.txt,1787,1787
0.464604109030851,0.27781056392513226,1.0,0.0,1.0,0.5024011349179525,0.5338711002939724,527.1712019145949,0.00024852918431624314,0.046748236113751514,0.14425390708200897,-0.14743378343376176,0.2916876905157707,3.9316413643580304,0.048360200111172875,527.1712019145949,2.85760419812634,right,Amplitude.txt,1799,1799
0.500000000000002,0.2888356434393512,1.0,0.0,1.0,0.5000000000000021,0.500000000000002,599.833426028926,0.0005561735261401557,6.725599058812878e-17,0.0005561735261402911,0.0005561735261385148,1.7763568394002505e-15,0.0005564828551313347,0.0005558643690939411,599.833426028926,2.9957293283324713,right,Time.txt,1799,1799
0.49150784453925145,0.21783737992149035,1.0,0.0,1.0,0.5021756921990213,0.26939363222390933,519.6814874317558,-0.00033176512051671345,0.05600428575707576,0.12991466281274763,-0.15287529338137487,0.2827899561941225,5.639588984077191,0.0917686318131257,519.6814874317558,2.807685395882615,right,Velocity.txt,1798,1798
0.404956424063267,0.26160963863985237,1.0,0.0,1.0,0.37657826939086964,0.48290869555884997,418.37275515488875,0.0002843550523922308,0.07020445267432612,0.1655721574993197,-0.16492978821289078,0.3305019457122105,8.87174285957553,0.08833333333333333,418.37275515488875,2.8489502138697356,right,Amplitude.txt,1800,1800
0.5000000000000021,0.2888355542429804,1.0,0.0,1.0,0.5000000000000021,0.500000000000002,600.1667593107331,0.000555864369093941,6.94869857833128e-17,0.0005558643690940501,0.0005558643690922738,1.7763568394002505e-15,0.0005561733542907691,0.0005555555555555556,600.1667593107331,2.9957322735339904,right,Time.txt,1800,1800
0.49443085946250426,0.2559142699111784,1.0,0.0,1.0,0.48221458132066974,0.4198152596704699,557.6072250110708,9.654274371722973e-05,0.0822716903289924,0.18928291430772443,-0.23283252310128133,0.42211543740900576,12.176783989813686,0.09394107837687604,557.6072250110708,2.9072516557491777,right,Velocity.txt,1799,1799
0.48735089243198926,0.3336113278719075,1.0,0.0,1.0,0.5092119382645666,0.7213710170921129,627.8533387896847,-2.203046673734098e-05,0.053752516999287576,0.12018430713568715,-0.1537083052003498,0.27389261233603696,5.200800424380296,0.04555555555555556,627.8533387896847,2.710506558184379,right,Amplitude.txt,1800,1800
0.5000000000000021,0.2888355542429804,1.0,0.0,1.0,0.5000000000000021,0.500000000000002,600.1667593107331,0.000555864369093941,6.94869857833128e-17,0.0005558643690940501,0.0005558643690922738,1.7763568394002505e-15,0.0005561733542907691,0.0005555555555555556,600.1667593107331,2.9957322735339904,right,Time.txt,1800,1800
0.49136921116645604,0.23095535760505198,1.0,0.0,1.0,0.48719851135330894,0.2424793024814066,530.3165579209922,-3.111060326390842e-05,0.0545010342619956,0.1449122849980282,-0.15372101118770629,0.2986332961857345,5.34368430259084,0.08226792662590328,530.3165579209922,2.778222237752719,right,Velocity.txt,1799,1799
0.44853544593635003,0.3188925708093808,1.0,0.0,1.0,0.49397898500389065,0.6297448446884844,544.8748558437467,-0.00014013657214544725,0.03927793128248581,0.14098742507244813,-0.10165433307924485,0.24264175815169298,2.775453167838863,0.033351862145636464,544.8748558437467,2.8089366275182233,right,Amplitude.txt,1799,1799
0.500000000000002,0.2888356434393512,1.0,0.0,1.0,0.5000000000000021,0.500000000000002,599.833426028926,0.0005561735261401557,6.725599058812878e-17,0.0005561735261402911,0.0005561735261385148,1.7763568394002505e-15,0.0005564828551313347,0.0005558643690939411,599.833426028926,2.9957293283324713,right,Time.txt,1799,1799
0.5100488180908685,0.22493010524780058,1.0000000000000002,0.0,1.0000000000000002,0.5279424523570635,0.24778990190761785,558.7165416506562,-0.000307070048293218,0.0426545336940467,0.11116581274092327,-0.12879977637680923,0.2399655891177325,3.27146735893468,0.059510567296996664,558.7165416506562,2.7765372990212867,right,Velocity.txt,1798,1798
0.5292199214411208,0.3589007069871618,1.0000000000000002,0.0,1.0000000000000002,0.644711075926639,0.7686261028161845,735.9901969068553,-0.0004128410986714698,0.05199315284660078,0.13512855586817737,-0.1567370121529973,0.2918655680211747,4.866225085264938,0.03722222222222222,735.9901969068553,2.6333708569956453,right,Amplitude.txt,1800,1800
0.5000000000000021,0.2888355542429804,1.0,0.0,1.0,0.5000000000000021,0.500000000000002,600.1667593107331,0.000555864369093941,6.94869857833128e-17,0.0005558643690940501,0.0005558643690922738,1.7763568394002505e-15,0.0005561733542907691,0.0005555555555555556,600.1667593107331,2.9957322735339904,right,Time.txt,1800,1800
0.5104492938764578,0.23993935938912186,1.0,0.0,1.0,0.5015702594301723,0.22411958979149893,572.3147506676628,-5.020010176212821e-05,0.05083424263813012,0.181724104359702,-0.19789988021785926,0.37962398457756125,4.648836817611863,0.09227348526959422,572.3147506676628,2.7367183373036026,right,Velocity.txt,1799,1799
0.5104022296185368,0.3171031195730997,0.9999999999999999,0.0,0.9999999999999999,0.5858827126268098,0.6315999126206175,649.5556191721746,-0.0003541499536342043,0.046893202921915976,0.1384526286817944,-0.16140728460299583,0.2998599132847902,3.9561771265357017,0.0405780989438577,649.5556191721746,2.8539657076580847,right,Amplitude.txt,1799,1799
0.500000000000002,0.2888356434393512,1.0,0.0,1.0,0.5000000000000021,0.500000000000002,599.833426028926,0.0005561735261401557,6.725599058812878e-17,0.0005561735261402911,0.0005561735261385148,1.7763568394002505e-15,0.0005564828551313347,0.0005558643690939411,599.833426028926,2.9957293283324713,right,Time.txt,1799,1799
0.48201211203328725,0.2351618786559644,1.0,0.0,1.0,0.4743097427364108,0.2816396109989055,517.1709400049874,-0.00017092634553488766,0.054394667488277086,0.13205652859932204,-0.14907977398908134,0.2811363025884034,5.319938702422535,0.09232480533926585,517.1709400049874,2.8130108956997386,right,Velocity.txt,1798,1798
0.534273019531603,0.29252146216308417,1.0,0.0,1.0,0.6098266003510711,0.5488514393710197,667.4586209405761,0.00015530881519730427,0.061192429080356325,0.1378620218662596,-0.15300026496533806,0.29086228683159765,6.736422958150947,0.06281267370761534,667.4586209405761,2.8725293556047378,right,Amplitude.txt,1799,1799
0.500000000000002,0.2888356434393512,1.0,0.0,1.0,0.5000000000000021,0.500000000000002,599.833426028926,0.0005561735261401557,6.725599058812878e-17,0.0005561735261402911,0.0005561735261385148,1.7763568394002505e-15,0.0005564828551313347,0.0005558643690939411,599.833426028926,2.9957293283324713,right,Time.txt,1799,1799
0.49544914381130795,0.23256356147771734,0.9999999999999999,0.0,0.9999999999999999,0.5022493432097394,0.30985067801355465,538.6010842865435,-0.00024852385857760236,0.06079211797428602,0.149668648039734,-0.1994144189824229,0.3490830670221569,6.644946582690208,0.07675194660734148,538.6010842865435,2.830179110043129,right,Velocity.txt,1798,1798
0.5139688624891021,0.29788815050231343,0.9999999999999999,0.0,0.9999999999999999,0.5989207525410886,0.5760987431031498,635.222415272455,1.5305317464048932e-05,0.0633602527260303,0.19237477040550804,-0.1907065141982041,0.38308128460371216,7.22613934756651,0.056666666666666664,635.222415272455,2.793337220935416,right,Amplitude.txt,1800,1800
0.5000000000000021,0.2888355542429804,1.0,0.0,1.0,0.5000000000000021,0.500000000000002,600.1667593107331,0.000555864369093941,6.94869857833128e-17,0.0005558643690940501,0.0005558643690922738,1.7763568394002505e-15,0.0005561733542907691,0.0005555555555555556,600.1667593107331,2.9957322735339904,right,Time.txt,1800,1800
0.5270323301895882,0.20723546149510694,1.0,0.0,1.0,0.5273918677555124,0.24250541470469222,576.9565948055166,-2.1977264481191806e-05,0.0658906858484011,0.1935423488581834,-0.18137274263581904,0.37491509149400243,7.810507753266535,0.1178432462479155,576.9565948055166,2.7271849687696323,right,Velocity.txt,1799,1799
0.4546436581938879,0.3250608097351148,1.0,0.0,1.0,0.4964583773540701,0.6897638786949704,536.3313676960145,0.00016905229904697213,0.04804465645831231,0.1281335284683389,-0.14803828089152082,0.27617180935985974,3.9633813069699175,0.041933605125218404,536.3313676960145,2.785100741315537,right,Amplitude.txt,1717,1717
0.49729784533776483,0.28935306256955734,1.0,0.0,1.0,0.4922135706340398,0.5005561735261422,568.3790968636731,0.0005827351039756203,0.0001107347085809646,0.001565453456443433,0.0003461499568285231,0.00121930349961491,0.0006041133614635096,0.0005824111822947001,568.3790968636731,2.995161075439547,right,Time.txt,1717,1717
0.4925718784909459,0.22392344735661254,1.0,0.0,1.0,0.4847918391354102,0.28200808688489487,502.3912020375857,0.00010773961731022196,0.04983349067030675,0.17277259911588835,-0.12522494106765505,0.2979975401835434,4.261494494764973,0.07342657342657342,502.3912020375857,2.808291492655199,right,Velocity.txt,1716,1716
0.5215090084826077,0.3327595917130483,0.9999999999999999,0.0,0.9999999999999999,0.5341842254469642,0.683028931085111,687.330262882763,0.00014421445118902027,0.09395278566405073,0.16302971947246897,-0.1735794981165357,0.33660921758900464,15.853555530390008,0.08964365256124722,687.330262882763,2.901183993905626,right,Amplitude.txt,1796,1796
0.500000000000002,0.28883591162459665,1.0,0.0,1.0,0.5000000000000021,0.500000000000002,598.833426183849,0.0005571030640668523,6.972558448568862e-17,0.0005571030640669772,0.0005571030640652008,1.7763568394002505e-15,0.0005574134278908448,0.0005567928730512249,598.833426183849,2.9957223307462524,right,Time.txt,1796,1796
0.5070909178966836,0.28661529464822405,1.0,0.0,1.0,0.5153500463392074,0.4858083957291257,609.0246994205629,-0.00034050672706283325,0.09099968861113643,0.23481380762149867,-0.24178691353630316,0.47660072115780183,14.864501393518168,0.10194986072423398,609.0246994205629,2.9495454520945352,right,Velocity.txt,1795,1795
0.38143000438496977,0.27860069066388043,1.0,0.0,1.0,0.35871666493413445,0.5123800662479027,401.1467331641497,1.6032816053322148e-05,0.07335417010314937,0.15187532549771074,-0.1687810959259911,0.3206564214237019,9.674740482374188,0.08008898776418243,401.1467331641497,2.8683373674979693,right,Amplitude.txt,1798,1798
0.500000000000002,0.288835732734967,0.9999999999999999,0.0,0.9999999999999999,0.5000000000000021,0.500000000000002,599.5000927471762,0.0005564830272676681,6.748743331424315e-17,0.0005564830272677956,0.0005564830272660748,1.7208456881689926e-15,0.000556792700627305,0.0005561735261401557,599.5000927471762,2.995726689011927,right,Time.txt,1798,1798
0.49166488920236695,0.26750451427975896,1.0,0.0,1.0,0.477139630901626,0.4051123299074437,562.9875720966628,5.963714289976107e-05,0.08134153535278349,0.1667756590270743,-0.2211022630717826,0.3878779220988569,11.889758727456082,0.08681135225375626,562.9875720966628,2.913698929000682,right,Velocity.txt,1797,1797
0.47592164546511984,0.3188928895490379,1.0,0.0,1.0,0.5274239041444823,0.6500738395472724,590.7493577288917,-0.00045121289732941747,0.023863636525522227,0.07980948833931362,-0.09957470500348056,0.17938419334279418,1.0254181343417188,0.020555555555555556,590.7493577288917,2.8497620487685666,right,Amplitude.txt,1800,1800
0.5000000000000021,0.2888355542429804,1.0,0.0,1.0,0.5000000000000021,0.500000000000002,600.1667593107331,0.000555864369093941,6.94869857833128e-17,0.0005558643690940501,0.0005558643690922738,1.7763568394002505e-15,0.0005561733542907691,0.0005555555555555556,600.1667593107331,2.9957322735339904,right,Time.txt,1800,1800
0.4972075828303215,0.22793579202072772,1.0,0.0,1.0,0.4925622726594676,0.24906081876544744,538.2070201688493,4.415756061802913e-05,0.034701833908869585,0.1435245748205774,-0.10824735407328837,0.2517719288938658,2.1663903885255458,0.06670372429127293,538.2070201688493,2.7373427344856665,right,Velocity.txt,1799,1799
0.46117737163756195,0.37311820943030594,1.0,0.0,1.0,0.4524131449921538,0.7921698394142113,633.0712776078947,-5.029761250848763e-05,0.04294027923232849,0.13439754348964458,-0.12546590047584424,0.2598634439654888,3.3171223286098983,0.03001667593107282,633.0712776078947,2.604934009284326,right,Amplitude.txt,1799,1799
0.500000000000002,0.2888356434393512,1.0,0.0,1.0,0.5000000000000021,0.500000000000002,599.833426028926,0.0005561735261401557,6.725599058812878e-17,0.0005561735261402911,0.0005561735261385148,1.7763568394002505e-15,0.0005564828551313347,0.0005558643690939411,599.833426028926,2.9957293283324713,right,Time.txt,1799,1799
0.5123325295629022,0.23079027380461828,1.0,0.0,1.0,0.5032294779520228,0.18996883989382718,567.7162908533767,-0.0002000824919497725,0.04591230262203984,0.15406973953533643,-0.1565616857386454,0.3106314252739818,3.790147257980309,0.10622914349276974,567.7162908533767,2.6785404970772126,right,Velocity.txt,1798,1798
0.40072112774698515,0.24748660044524246,1.0,0.0,1.0,0.40021941428125335,0.4026997763298006,399.0668442813428,-0.0004624839849141358,0.05215582154436549,0.15094024348526286,-0.1624308683073264,0.31337111179258925,4.8940780587148,0.07059477487493052,399.0668442813428,2.810251281308366,right,Amplitude.txt,1799,1799
0.500000000000002,0.2888356434393512,1.0,0.0,1.0,0.5000000000000021,0.500000000000002,599.833426028926,0.0005561735261401557,6.725599058812878e-17,0.0005561735261402911,0.0005561735261385148,1.7763568394002505e-15,0.0005564828551313347,0.0005558643690939411,599.833426028926,2.9957293283324713,right,Time.txt,1799,1799
0.4792039640214679,0.22483619323855905,0.9999999999999999,0.0,0.9999999999999999,0.49617460905691557,0.3286922919447776,503.77757975716315,-4.159703205197522e-05,0.061328003393314776,0.15643303837186767,-0.12072885417759693,0.2771618925494646,6.762504063481261,0.07730812013348165,503.77757975716315,2.830756794678637,right,Velocity.txt,1798,1798
0.4178663609624565,0.26571579417172514,1.0,0.0,1.0,0.3951866032287901,0.434757347839167,441.1457048344735,-0.00015217737591560502,0.07504258995505175,0.15121741643773726,-0.1639097802264879,0.3151271966642252,10.130912823743278,0.10172317954419122,441.1457048344735,2.913502290918636,right,Amplitude.txt,1799,1799
0.500000000000002,0.2888356434393512,1.0,0.0,1.0,0.5000000000000021,0.500000000000002,599.833426028926,0.0005561735261401557,6.725599058812878e-17,0.0005561735261402911,0.0005561735261385148,1.7763568394002505e-15,0.0005564828551313347,0.0005558643690939411,599.833426028926,2.9957293283324713,right,Time.txt,1799,1799
0.5081967384274757,0.24432124635905914,1.0,0.0,1.0,0.5331401017924956,0.42710791573930434,571.6863198746412,0.00011199417686211947,0.08401374692370128,0.21745194686009744,-0.18844847635574555,0.40590042321584296,12.690863342309969,0.10901001112347053,571.6863198746412,2.8844474013434263,right,Velocity.txt,1798,1798
0.5109121499318696,0.343655170617554,1.0,0.0,1.0,0.5920741936731909,0.7374165230802775,682.0550521310935,7.316846282518987e-06,0.037955103182451294,0.12102900707465805,-0.10590660006206676,0.2269356071367248,2.591621250117048,0.03001667593107282,682.0550521310935,2.7864113378888313,right,Amplitude.txt,1799,1799
0.500000000000002,0.2888356434393512,1.0,0.0,1.0,0.5000000000000021,0.500000000000002,599.833426028926,0.0005561735261401557,6.725599058812878e-17,0.0005561735261402911,0.0005561735261385148,1.7763568394002505e-15,0.0005564828551313347,0.0005558643690939411,599.833426028926,2.9957293283324713,right,Time.txt,1799,1799
0.4939490390515304,0.22955637625545364,1.0,0.0,1.0,0.4868626532741074,0.2243570390395147,533.4338459409195,-7.099255177706183e-05,0.041142108990632434,0.12391509037113113,-0.18745865258887878,0.3113737429600099,3.043435353506796,0.06340378197997776,533.4338459409195,2.6796634957988466,right,Velocity.txt,1798,1798
0.4624267328190176,0.30080643164753407,1.0,0.0,1.0,0.4844871112593846,0.5516573454881232,547.7813865831486,-0.0003020123910089449,0.028240045683764804,0.10655519885342837,-0.09407873606965296,0.20063393492308135,1.4356645050698027,0.028333333333333332,547.7813865831486,2.9284400135381996,right,Amplitude.txt,1800,1800
0.5000000000000021,0.2888355542429804,1.0,0.0,1.0,0.5000000000000021,0.500000000000002,600.1667593107331,0.000555864369093941,6.94869857833128e-17,0.0005558643690940501,0.0005558643690922738,1.7763568394002505e-15,0.0005561733542907691,0.0005555555555555556,600.1667593107331,2.9957322735339904,right,Time.txt,1800,1800
0.4973210116631666,0.21701194505566118,1.0,0.0,1.0,0.49532130122254575,0.26585843915208074,529.6658489163917,-0.00013040530786293702,0.05054320993893478,0.15648243494406425,-0.15181871582288892,0.3083011507669532,4.5957849045795225,0.0906058921623124,529.6658489163917,2.7784373611745012,right,Velocity.txt,1799,1799
0.554799774817326,0.22796702442386185,1.0,0.0,1.0,0.5870104465521531,0.3574661409940737,647.2293860972834,-0.00010044909349418647,0.01618720201846073,0.052214981071196154,-0.06429523237914447,0.11651021345034063,0.4714020429731106,0.022234574763757644,647.2293860972834,2.8496276301557897,right,Amplitude.txt,1799,1799
0.500000000000002,0.2888356434393512,1.0,0.0,1.0,0.5000000000000021,0.500000000000002,599.833426028926,0.0005561735261401557,6.725599058812878e-17,0.0005561735261402911,0.0005561735261385148,1.7763568394002505e-15,0.0005564828551313347,0.0005558643690939411,599.833426028926,2.9957293283324713,right,Time.txt,1799,1799
0.5712718815711914,0.16620905274513004,1.0,0.0,1.0,0.5776786460933563,0.1935704458568318,636.4506673752043,9.283462075949068e-05,0.06980720265704432,0.20675260471406237,-0.24250402994432277,0.44925663465838517,8.761751381601105,0.15406006674082315,636.4506673752043,2.588016619946592,right,Velocity.txt,1798,1798
0.38410031488681456,0.28158546991577516,1.0000000000000002,0.0,1.0000000000000002,0.28063975857635914,0.3075174776517069,408.2821717749084,-0.00029287770716302186,0.030511107245192123,0.1435839022190596,-0.16732600488599014,0.31090990710504973,1.6758241968221428,0.029444444444444443,408.2821717749084,2.601334650090554,right,Amplitude.txt,1800,1800
0.5000000000000021,0.2888355542429804,1.0,0.0,1.0,0.5000000000000021,0.500000000000002,600.1667593107331,0.000555864369093941,6.94869857833128e-17,0.0005558643690940501,0.0005558643690922738,1.7763568394002505e-15,0.0005561733542907691,0.0005555555555555556,600.1667593107331,2.9957322735339904,right,Time.txt,1800,1800
0.5546269498960568,0.15164057353550578,1.0,0.0,1.0,0.5590303408818461,0.16424892829529214,594.7600448506312,-0.0003955891950276801,0.05538400081221495,0.1924802910899548,-0.1873935097159025,0.3798738008058573,5.518511722164789,0.14508060033351863,594.7600448506312,2.4929961924111335,right,Velocity.txt,1799,1799
0.5381221788429531,0.3274139233359207,1.0000000000000002,0.0,1.0000000000000002,0.6303034349588548,0.6576498006969573,714.1956418024332,-0.000382321110277713,0.07601392042760977,0.13873607016458991,-0.20596129848732223,0.34469736865191214,10.400872082771437,0.06833333333333333,714.1956418024332,2.7954249284924693,right,Amplitude.txt,1800,1800
0.5000000000000021,0.2888355542429804,1.0,0.0,1.0,0.5000000000000021,0.500000000000002,600.1667593107331,0.000555864369093941,6.94869857833128e-17,0.0005558643690940501,0.0005558643690922738,1.7763568394002505e-15,0.0005561733542907691,0.0005555555555555556,600.1667593107331,2.9957322735339904,right,Time.txt,1800,1800
0.4917096541362166,0.2552941962355167,1.0,0.0,1.0,0.46658727433345076,0.36035544085093296,552.2093655735309,-0.00030273088116890376,0.06873074410748481,0.16512967551014646,-0.14173264746136094,0.3068623229715074,8.49848828996739,0.07392996108949416,552.2093655735309,2.8975408491326884,right,Velocity.txt,1799,1799
0.33789266667739865,0.24813159042553,0.9999999999999999,0.0,0.9999999999999999,0.2672208239938634,0.33740817027331266,316.15759191027837,-0.0003447361909013369,0.02358452447236099,0.12678914155272125,-0.10951675631672775,0.236305897869449,1.0008711990940522,0.02056698165647582,316.15759191027837,2.738372974998132,right,Amplitude.txt,1799,1799
0.500000000000002,0.2888356434393512,1.0,0.0,1.0,0.5000000000000021,0.500000000000002,599.833426028926,0.0005561735261401557,6.725599058812878e-17,0.0005561735261402911,0.0005561735261385148,1.7763568394002505e-15,0.0005564828551313347,0.0005558643690939411,599.833426028926,2.9957293283324713,right,Time.txt,1799,1799
0.4935773743914821,0.14351262711305007,1.0000000000000002,0.0,1.0000000000000002,0.4920285974110003,0.12945349906125647,475.0576685764375,0.00023173312876104826,0.043222634869319675,0.15159713062727204,-0.20341395863298928,0.3550110892602613,3.3591132577905105,0.135706340378198,475.0576685764375,2.386810335390602,right,Velocity.txt,1798,1798
0.5317529985958125,0.33926681283897386,0.9999999999999999,0.0,0.9999999999999999,0.6494179811251123,0.6997214736480667,715.7559360353868,-1.8034724522813446e-05,0.049353019040097555,0.10668778275266158,-0.15078867356109543,0.25747645631375704,4.381861743708713,0.038910505836575876,715.7559360353868,2.7494798580442086,right,Amplitude.txt,1799,1799
0.500000000000002,0.2888356434393512,1.0,0.0,1.0,0.5000000000000021,0.500000000000002,599.833426028926,0.0005561735261401557,6.725599058812878e-17,0.0005561735261402911,0.0005561735261385148,1.7763568394002505e-15,0.0005564828551313347,0.0005558643690939411,599.833426028926,2.9957293283324713,right,Time.txt,1799,1799
0.4781687090868927,0.2324827597076719,0.9999999999999999,0.0,0.9999999999999999,0.4581768497676565,0.24493715927973653,508.2829991441947,-3.546194909193756e-05,0.047992183921451465,0.14213333663843208,-0.09358149007025168,0.23571482670868377,4.141245253230263,0.048943270300333706,508.2829991441947,2.7685802886715143,right,Velocity.txt,1798,1798
0.39653766097332704,0.24274426018045647,1.0,0.0,1.0,0.3968554492619991,0.3958674606469297,388.8842394649372,-0.00041679377896324037,0.05720974708452373,0.10510453038892628,-0.16556993877418796,0.2706744691631142,5.888358852474308,0.0839355197331851,388.8842394649372,2.874064056195775,right,Amplitude.txt,1799,1799
0.500000000000002,0.2888356434393512,1.0,0.0,1.0,0.5000000000000021,0.500000000000002,599.833426028926,0.0005561735261401557,6.725599058812878e-17,0.0005561735261402911,0.0005561735261385148,1.7763568394002505e-15,0.0005564828551313347,0.0005558643690939411,599.833426028926,2.9957293283324713,right,Time.txt,1799,1799
0.5449438524328016,0.2335458572390213,1.0,0.0,1.0,0.5874350478220562,0.3637463223530991,632.0104305885866,0.0001194397447115699,0.07089958274095423,0.1779702643160287,-0.16953472253576418,0.3475049868517929,9.038123647451869,0.09454949944382647,632.0104305885866,2.842837956712231,right,Velocity.txt,1798,1798
0.502916746312421,0.33780474206949057,0.9999999999999999,0.0,0.9999999999999999,0.6337808867749999,0.7229918373184445,660.6671354749926,-0.0004184525098774372,0.03323508043551545,0.10670354037319396,-0.11399885402887813,0.2207023944020721,1.9885422133047685,0.025,660.6671354749926,2.7220706130202244,right,Amplitude.txt,1800,1800
0.5000000000000021,0.2888355542429804,1.0,0.0,1.0,0.5000000000000021,0.500000000000002,600.1667593107331,0.000555864369093941,6.94869857833128e-17,0.0005558643690940501,0.0005558643690922738,1.7763568394002505e-15,0.0005561733542907691,0.0005555555555555556,600.1667593107331,2.9957322735339904,right,Time.txt,1800,1800
0.49086082738298015,0.2407372317464616,0.9999999999999999,0.0,0.9999999999999999,0.48474564641050977,0.18964456777089544,537.7188811278879,-0.0001766783027800377,0.03863352399121704,0.14184476707442573,-0.09085733388491363,0.23270210095933935,2.6851521237735057,0.07948860478043357,537.7188811278879,2.6472022280590988,right,Velocity.txt,1799,1799
0.31133716857565263,0.22120304086455905,1.0,0.0,1.0,0.2596115290680213,0.29438122125938376,262.4050504661534,-0.0004928083126925597,0.06488675803799165,0.1496962514502473,-0.16964185668074894,0.3193381081309962,7.574751077456366,0.11395219566425792,262.4050504661534,2.624334445187181,right,Amplitude.txt,1799,1799
0.500000000000002,0.2888356434393512,1.0,0.0,1.0,0.5000000000000021,0.500000000000002,599.833426028926,0.0005561735261401557,6.725599058812878e-17,0.0005561735261402911,0.0005561735261385148,1.7763568394002505e-15,0.0005564828551313347,0.0005558643690939411,599.833426028926,2.9957293283324713,right,Time.txt,1799,1799
0.48935445460078064,0.22022714023456957,1.0,0.0,1.0,0.4943095065122137,0.36383741593979274,517.7660604092765,-5.5867066325099654e-05,0.08762316236584763,0.22932676666738835,-0.24075914596577,0.47008591263315835,13.804723424009191,0.12680756395995552,517.7660604092765,2.8365473447269376,right,Velocity.txt,1798,1798
0.3737571852515355,0.20965403897641227,1.0000000000000002,0.0,1.0000000000000002,0.3290135980523541,0.3029995779759397,330.20135075611995,-0.00011573220843355498,0.07075522644196644,0.1394485585252777,-0.15225736609287277,0.2917059246181505,9.00135520211083,0.12458286985539488,330.20135075611995,2.683397062811499,right,Amplitude.txt,1798,1798
0.5002137463329069,0.28877367672669685,1.0,0.0,1.0,0.5002780867630722,0.499721913236932,599.8200430464005,0.0005564828551313348,5.749953002830591e-06,0.0006683157406183055,0.0005328375739944227,0.00013547816662388273,0.0005568518015663531,0.0005561735261401557,599.8200430464005,2.995726689011927,right,Time.txt,1798,1798
0.5138495788755326,0.24321340444846307,1.0,0.0,1.0,0.5252140340973283,0.4021419219692086,580.7798872157111,1.6012053335964224e-05,0.10413140504129999,0.2577778840836282,-0.2637262349193181,0.5215041190029464,19.485499540753246,0.14301613800779076,580.7798872157111,2.9106349472858697,right,Velocity.txt,1797,1797
0.3233613840413073,0.24306509433100532,1.0,0.0,1.0,0.2509202664326636,0.30237290061564404,294.3941613634794,6.754649219438732e-05,0.06208818299866267,0.1468662317450214,-0.16221272171674153,0.30907895346176295,6.935049708056654,0.08560311284046693,294.3941613634794,2.6983155567791854,right,Amplitude.txt,1799,1799
0.500000000000002,0.2888356434393512,1.0,0.0,1.0,0.5000000000000021,0.500000000000002,599.833426028926,0.0005561735261401557,6.725599058812878e-17,0.0005561735261402911,0.0005561735261385148,1.7763568394002505e-15,0.0005564828551313347,0.0005558643690939411,599.833426028926,2.9957293283324713,right,Time.txt,1799,1799
0.5019189342954454,0.214762796159388,0.9999999999999999,0.0,0.9999999999999999,0.49806268649985064,0.30556935753108894,535.8861240428172,0.00013566241824872094,0.08189544231338114,0.22225967234664357,-0.2119286532215232,0.4341883255681668,12.05897361304092,0.12235817575083426,535.8861240428172,2.7958142962841777,right,Velocity.txt,1798,1798
0.3833530626540786,0.28532637332932503,0.9999999999999999,0.0,0.9999999999999999,0.42309998959469824,0.5660370385875115,406.4998637350786,4.6491645898519754e-05,0.04889067926822985,0.14489821179132087,-0.15110386848924823,0.29600208028056907,4.254735211792065,0.046067415730337076,406.4998637350786,2.6663942376568586,right,Amplitude.txt,1780,1780
0.5000000000000021,0.28883735721767373,1.0,0.0,1.0,0.500000000000002,0.500000000000002,593.5000936855961,0.0005621135469364811,7.123805576406532e-17,0.0005621135469365823,0.000562113546934806,1.7763568394002505e-15,0.0005624295185761305,0.0005617977528089888,593.5000936855961,2.9957322735339904,right,Time.txt,1780,1780
0.4965969217682613,0.22165035956325613,1.0,0.0,1.0,0.4790832830093942,0.22835547468411155,526.1168072109311,-0.00045627913180195664,0.055461845877325416,0.12405596810789149,-0.14557202073294218,0.26962798884083367,5.4726034544652755,0.09162450815064643,526.1168072109311,2.760875104698482,right,Velocity.txt,1779,1779
0.4432529944031382,0.1884411196799056,1.0,0.0,1.0,0.426380604245643,0.2751022935359769,417.33790746778345,0.0002708004104962664,0.059187687794861825,0.18606674045988486,-0.17002901707319873,0.3560957575330836,6.302357039136485,0.10339077265147303,417.33790746778345,2.7069460245260246,right,Amplitude.txt,1799,1799
0.500000000000002,0.2888356434393512,1.0,0.0,1.0,0.5000000000000021,0.500000000000002,599.833426028926,0.0005561735261401557,6.725599058812878e-17,0.0005561735261402911,0.0005561735261385148,1.7763568394002505e-15,0.0005564828551313347,0.0005558643690939411,599.833426028926,2.9957293283324713,right,Time.txt,1799,1799
0.47155968688721045,0.22073831764162538,1.0,0.0,1.0,0.4842876828273054,0.324007399827517,487.42690982400956,-0.0003046571898085412,0.09772557011662376,0.2549882714304066,-0.2452921964986728,0.5002804679290793,17.171583007379162,0.14849833147942157,487.42690982400956,2.8446243727593243,right,Velocity.txt,1798,1798
0.31470591189528496,0.17690232671039535,1.0,0.0,1.0,0.2955925455080783,0.2925047881819699,234.60163951930986,-0.00035950229159945296,0.06065245333229639,0.12550834206950545,-0.16785941005301958,0.293367752122525,6.621928806823301,0.125,234.60163951930986,2.5357927360076493,right,Amplitude.txt,1800,1800
0.5000000000000021,0.2888355542429804,1.0,0.0,1.0,0.5000000000000021,0.500000000000002,600.1667593107331,0.000555864369093941,6.94869857833128e-17,0.0005558643690940501,0.0005558643690922738,1.7763568394002505e-15,0.0005561733542907691,0.0005555555555555556,600.1667593107331,2.9957322735339904,right,Time.txt,1800,1800
0.5586979998951634,0.21594184577540237,1.0,0.0,1.0,0.5620230731938658,0.40272550494320786,645.4350301828952,-0.0002534500081087243,0.08495296529552065,0.18935938618101764,-0.19240260662466807,0.3817619928056857,12.983509918385977,0.12618121178432462,645.4350301828952,2.7169469203644234,right,Velocity.txt,1799,1799
0.45109445168041296,0.29197601153627606,1.0,0.0,1.0,0.43969558539945697,0.5468979530986227,519.7251521690714,0.0002059560774324155,0.09655618548153962,0.1704960079363555,-0.17867922827454416,0.34917523621089963,16.78165087077236,0.10944444444444444,519.7251521690714,2.9599779711693954,right,Amplitude.txt,1800,1800
0.5000000000000021,0.2888355542429804,1.0,0.0,1.0,0.5000000000000021,0.500000000000002,600.1667593107331,0.000555864369093941,6.94869857833128e-17,0.0005558643690940501,0.0005558643690922738,1.7763568394002505e-15,0.0005561733542907691,0.0005555555555555556,600.1667593107331,2.9957322735339904,right,Time.txt,1800,1800
0.5028567348422789,0.28064408933822105,1.0,0.0,1.0,0.5368585617236192,0.5408129942503388,596.5951751814346,-0.00027441497164787816,0.10066072062434833,0.25395905874992564,-0.23522417359611886,0.4891832323460445,18.228648108361394,0.1122846025569761,596.5951751814346,2.8909760472996644,right,Velocity.txt,1799,1799
0.39265473495146025,0.24859667120850812,1.0,0.0,1.0,0.41302053714846004,0.4439939794308345,388.76048246835467,7.251188244987291e-05,0.05132908312769985,0.12014135353278127,-0.16945175293527098,0.28959310646805225,4.742424058866152,0.058888888888888886,388.76048246835467,2.8204532702698235,right,Amplitude.txt,1800,1800
0.5000000000000021,0.2888355542429804,1.0,0.0,1.0,0.5000000000000021,0.500000000000002,600.1667593107331,0.000555864369093941,6.94869857833128e-17,0.0005558643690940501,0.0005558643690922738,1.7763568394002505e-15,0.0005561733542907691,0.0005555555555555556,600.1667593107331,2.9957322735339904,right,Time.txt,1800,1800
0.5048747206937034,0.21210625255295207,1.0,0.0,1.0,0.5065130025259986,0.2550105476843971,539.4976951957156,-0.00030953895108025843,0.05799117608124919,0.16508948756270864,-0.24199033001009052,0.40707981757279915,6.050167099449984,0.07948860478043357,539.4976951957156,2.784379543416169,right,Velocity.txt,1799,1799
0.4502258291709408,0.29511718948236404,1.0,0.0,1.0,0.5121733518505072,0.614489114248624,521.6354150051352,-0.0005084991873817499,0.03154819616966057,0.06863435780984234,-0.12033582611911789,0.18897018392896023,1.7919850553693162,0.030555555555555555,521.6354150051352,2.7430449299161825,right,Amplitude.txt,1800,1800
0.5000000000000021,0.2888355542429804,1.0,0.0,1.0,0.5000000000000021,0.500000000000002,600.1667593107331,0.000555864369093941,6.94869857833128e-17,0.0005558643690940501,0.0005558643690922738,1.7763568394002505e-15,0.0005561733542907691,0.0005555555555555556,600.1667593107331,2.9957322735339904,right,Time.txt,1800,1800
0.49669176589071107,0.21750733722978047,1.0,0.0,1.0,0.49778179023951374,0.2472656116546652,528.9278615423077,-0.00011320835568456317,0.037552473380397244,0.113760637406784,-0.0932933631930915,0.2070540005998755,2.536951730537915,0.06948304613674264,528.9278615423077,2.7297356810679383,right,Velocity.txt,1799,1799
0.4804027419197404,0.1804802056981976,0.9999999999999999,0.0,0.9999999999999999,0.4409541889660045,0.19684140429216312,473.7844584680703,-0.00029596560334024016,0.05362271123006386,0.1662576450117518,-0.1665158462718056,0.3327734912835574,5.172993476786818,0.10172317954419122,473.7844584680703,2.5397729766766663,right,Amplitude.txt,1799,1799
0.500000000000002,0.2888356434393512,1.0,0.0,1.0,0.5000000000000021,0.500000000000002,599.833426028926,0.0005561735261401557,6.725599058812878e-17,0.0005561735261402911,0.0005561735261385148,1.7763568394002505e-15,0.0005564828551313347,0.0005558643690939411,599.833426028926,2.9957293283324713,right,Time.txt,1799,1799
0.5180691765423966,0.14172556067688324,1.0,0.0,1.0,0.5205295528943868,0.1466812474817678,518.690287606024,-0.00023466227818741588,0.06408418544852831,0.18833174254806567,-0.22009909568500058,0.40843083823306625,7.384094527993139,0.17519466073414905,518.690287606024,2.422087144562162,right,Velocity.txt,1798,1798
0.39509002036271573,0.2861518977257076,1.0000000000000002,0.0,1.0000000000000002,0.3235749849307343,0.5425026874811246,428.12427993926065,-0.00043690568523086003,0.06068007507559005,0.1413748544808398,-0.1649190075316413,0.3062938620124811,6.624390053564899,0.06170094496942746,428.12427993926065,2.75128391225561,right,Amplitude.txt,1799,1799
0.500000000000002,0.2888356434393512,1.0,0.0,1.0,0.5000000000000021,0.500000000000002,599.833426028926,0.0005561735261401557,6.725599058812878e-17,0.0005561735261402911,0.0005561735261385148,1.7763568394002505e-15,0.0005564828551313347,0.0005558643690939411,599.833426028926,2.9957293283324713,right,Time.txt,1799,1799
0.49083582664203523,0.20040652191892536,1.0,0.0,1.0,0.49087672698000695,0.23727969294246554,505.38648377193334,0.00016944130430312935,0.06277837448554291,0.1707710924417098,-0.21467247534234224,0.38544356778405203,7.0861931180980005,0.12124582869855395,505.38648377193334,2.7361747397633347,right,Velocity.txt,1798,1798
0.3890277383470532,0.2920074182569672,0.9999999999999998,0.0,0.9999999999999998,0.23321496416132156,0.5503880633661935,425.6630334234202,0.00011554506488879412,0.03423464437344763,0.10567492190591943,-0.13825293629549673,0.24392785820141616,2.1084715826431704,0.02668148971650917,425.6630334234202,2.694661032356855,right,Amplitude.txt,1799,1799
0.500000000000002,0.2888356434393512,1.0,0.0,1.0,0.5000000000000021,0.500000000000002,599.833426028926,0.0005561735261401557,6.725599058812878e-17,0.0005561735261402911,0.0005561735261385148,1.7763568394002505e-15,0.0005564828551313347,0.0005558643690939411,599.833426028926,2.9957293283324713,right,Time.txt,1799,1799
0.511078340031945,0.1996410506383393,1.0,0.0,1.0,0.4982279431811541,0.18540181785907006,541.3015985121195,0.00028655688458613864,0.055070848493416064,0.19818226102339567,-0.20135393584168276,0.39953619686507846,5.453119082601935,0.11345939933259176,541.3015985121195,2.6620357001262622,right,Velocity.txt,1798,1798
0.48298434391803563,0.3003100759900607,1.0,0.0,1.0,0.5520347049720883,0.5751673589256792,582.2280327799646,-1.6852375051855198e-05,0.039198408299362275,0.1249307644739594,-0.11038408317001688,0.23531484764397628,2.7657278949709045,0.03777777777777778,582.2280327799646,2.8643322088984884,right,Amplitude - Original.txt,1800,1800
0.4980115831765463,0.3051030234656659,1.0,0.0,1.0,0.5719866512381102,0.5896023614876388,532.4623947651112,-0.0001246424349658384,0.04021602589525,0.1249307644739594,-0.11038408317001688,0.23531484764397628,2.524674412563204,0.03843689942344651,532.4623947651112,2.8591140812028075,right,Amplitude.txt,1561,1561
0.5000000000000021,0.2888355542429804,1.0,0.0,1.0,0.5000000000000021,0.500000000000002,600.1667593107331,0.000555864369093941,6.94869857833128e-17,0.0005558643690940501,0.0005558643690922738,1.7763568394002505e-15,0.0005561733542907691,0.0005555555555555556,600.1667593107331,2.9957322735339904,right,Time - Original.txt,1800,1800
0.500000000000002,0.2888601234856961,1.0,0.0,1.0,0.5000000000000019,0.500000000000002,520.5001068376109,0.000641025641025641,6.694009887239806e-17,0.0006410256410257498,0.0006410256410240844,1.6653345369377348e-15,0.0006414365548980931,0.0006406149903907751,520.5001068376109,2.995728389746636,right,Time.txt,1561,1561
0.5144906084091709,0.22683083099899295,1.0,0.0,1.0,0.5116714759846693,0.26532059423308907,568.7589088472457,-0.00014838404071019115,0.04316808369225453,0.10393147748179457,-0.09847791813538137,0.20240939561717594,3.352446336005567,0.05947748749305169,568.7589088472457,2.789519187501623,right,Velocity.txt,1799,1799
0.32178755338969556,0.19287958894664736,1.0,0.0,1.0,0.2837463721499914,0.29282492860211284,253.2088278624081,0.00021685296333610323,0.06689749231925529,0.17428173956190715,-0.17309537742933195,0.3473771169912391,8.05110338535874,0.11284046692607004,253.2088278624081,2.628562019557473,right,Amplitude.txt,1799,1799
0.500000000000002,0.2888356434393512,1.0,0.0,1.0,0.5000000000000021,0.500000000000002,599.833426028926,0.0005561735261401557,6.725599058812878e-17,0.0005561735261402911,0.0005561735261385148,1.7763568394002505e-15,0.0005564828551313347,0.0005558643690939411,599.833426028926,2.9957293283324713,right,Time.txt,1799,1799
0.46860358226866006,0.2103202378904814,1.0,0.0,1.0,0.4777522178886025,0.32262904849747476,474.3554077668306,-0.00015876023726124353,0.082884920487385,0.15287472226713122,-0.2459906070104887,0.3988653292776199,12.352143577725496,0.11568409343715239,474.3554077668306,2.813431540292701,right,Velocity.txt,1798,1798
0.5342619256959646,0.3126466566503239,0.9999999999999998,0.0,0.9999999999999998,0.6519558248225877,0.6303265078648475,689.3475431562117,-8.418056009016881e-05,0.032691115059028934,0.10553698463402794,-0.11434747198944775,0.2198844566234757,1.9226202462146889,0.02668148971650917,689.3475431562117,2.7280291688302447,right,Amplitude.txt,1799,1799
0.500000000000002,0.2888356434393512,1.0,0.0,1.0,0.5000000000000021,0.500000000000002,599.833426028926,0.0005561735261401557,6.725599058812878e-17,0.0005561735261402911,0.0005561735261385148,1.7763568394002505e-15,0.0005564828551313347,0.0005558643690939411,599.833426028926,2.9957293283324713,right,Time.txt,1799,1799
0.4982801080607586,0.23173987296252954,1.0,0.0,1.0,0.5000155884202643,0.2188416243642256,542.9716097878957,-0.0003395998826294502,0.0412927828232474,0.11797106121227474,-0.11633031064857169,0.23430137186084643,3.0659662159799477,0.08509454949944383,542.9716097878957,2.739654385780581,right,Velocity.txt,1798,1798
0.4441465656741161,0.2824742659720587,0.9999999999999999,0.0,0.9999999999999999,0.5094200803539864,0.5778771405579078,487.62187361635495,-0.0005246687027112955,0.03982258604758188,0.10662865907972277,-0.1362121292367409,0.24284078831646366,2.7915600007058154,0.03806818181818182,487.62187361635495,2.7518322912302975,right,Amplitude.txt,1760,1760
0.5000000000000021,0.288839201180719,1.0000000000000002,0.0,1.0000000000000002,0.5000000000000022,0.500000000000002,586.8334280841436,0.0005685048322910747,7.074957857292297e-17,0.0005685048322912056,0.0005685048322893183,1.887379141862766e-15,0.000568828030035413,0.0005681818181818182,586.8334280841436,2.9957322735339904,right,Time.txt,1760,1760
0.49806558079920465,0.21740423724811678,1.0,0.0,1.0,0.5022133468829333,0.2512126326316812,519.4923743393504,0.0002913435825550537,0.049190831984225095,0.1250707787093558,-0.14992615987497782,0.2749969385843336,4.2564683621623285,0.09039226833428084,519.4923743393504,2.7816689235637955,right,Velocity.txt,1759,1759
0.33966428255461084,0.24656854423515912,1.0,0.0,1.0,0.301472579461713,0.4253875557652242,316.92600145740175,-0.00010025261561672118,0.029218481221388152,0.0993110827358668,-0.11236617483447361,0.21167725757034042,1.5358597221533188,0.030572540300166758,316.92600145740175,2.7824687101071164,right,Amplitude.txt,1799,1799
0.500000000000002,0.2888356434393512,1.0,0.0,1.0,0.5000000000000021,0.500000000000002,599.833426028926,0.0005561735261401557,6.725599058812878e-17,0.0005561735261402911,0.0005561735261385148,1.7763568394002505e-15,0.0005564828551313347,0.0005558643690939411,599.833426028926,2.9957293283324713,right,Time.txt,1799,1799
0.5306128118456938,0.18008356642333734,1.0,0.0,1.0,0.5181327911291969,0.21145882080949507,564.5361244889947,0.0002535434896096954,0.0676972511446239,0.20924327983881313,-0.20791678757499063,0.41716006741380374,8.240201810117249,0.13236929922135707,564.5361244889947,2.641309565330486,right,Velocity.txt,1798,1798
0.49692900204997065,0.31704514863488364,1.0,0.0,1.0,0.5037320852191552,0.6469658854265654,625.0734507729801,-7.420791949145836e-05,0.07587657669245035,0.14501315210486077,-0.17183666934710518,0.31684982145196594,10.357311454887725,0.07226236798221233,625.0734507729801,2.8672424891573165,right,Amplitude.txt,1799,1799
0.500000000000002,0.2888356434393512,1.0,0.0,1.0,0.5000000000000021,0.500000000000002,599.833426028926,0.0005561735261401557,6.725599058812878e-17,0.0005561735261402911,0.0005561735261385148,1.7763568394002505e-15,0.0005564828551313347,0.0005558643690939411,599.833426028926,2.9957293283324713,right,Time.txt,1799,1799
0.5073959415896572,0.2396712714161607,0.9999999999999998,0.0,0.9999999999999998,0.4973750386383923,0.3451836871551054,566.1775418712409,0.00020809545841190348,0.06955884748495057,0.164419868426017,-0.13871053295478816,0.30313040138080516,8.699580867743657,0.09121245828698554,566.1775418712409,2.8527138897012976,right,Velocity.txt,1798,1798
0.3344175894926522,0.27145073337293035,0.9999999999999999,0.0,0.9999999999999999,0.2804695698344047,0.47123707947859544,333.7516040345893,-0.0005449350654682186,0.06469468970968725,0.13045943035168217,-0.16405263602717496,0.29451206637885713,7.530073995714064,0.08282379099499722,333.7516040345893,2.7474646333221715,right,Amplitude.txt,1799,1799
0.500000000000002,0.2888356434393512,1.0,0.0,1.0,0.5000000000000021,0.500000000000002,599.833426028926,0.0005561735261401557,6.725599058812878e-17,0.0005561735261402911,0.0005561735261385148,1.7763568394002505e-15,0.0005564828551313347,0.0005558643690939411,599.833426028926,2.9957293283324713,right,Time.txt,1799,1799
0.48076608712283814,0.24602878939343065,1.0,0.0,1.0,0.45585921402496044,0.39226323648004097,524.415819936567,0.00014946550657697985,0.07494458183422442,0.1545606615960028,-0.215019404819822,0.3695800664158248,10.098849409867462,0.08398220244716352,524.415819936567,2.8716859819481932,right,Velocity.txt,1798,1798
0.29661243706882345,0.2361624204590644,0.9999999999999999,0.0,0.9999999999999999,0.2318063211236513,0.435972637466715,258.6091763631222,-0.000275628502864281,0.06117374217717046,0.12942979334084784,-0.17488418069051986,0.30431397403136773,6.732402562751898,0.08171206225680934,258.6091763631222,2.592361133766252,right,Amplitude.txt,1799,1799
0.500000000000002,0.2888356434393512,1.0,0.0,1.0,0.5000000000000021,0.500000000000002,599.833426028926,0.0005561735261401557,6.725599058812878e-17,0.0005561735261402911,0.0005561735261385148,1.7763568394002505e-15,0.0005564828551313347,0.0005558643690939411,599.833426028926,2.9957293283324713,right,Time.txt,1799,1799
0.49144673932027355,0.26866732744926103,1.0,0.0,1.0,0.4622556386348896,0.43081108864958884,564.0362507082086,0.0002426196600681401,0.08413297051146496,0.13855200179068672,-0.21955201737304753,0.35810401916373424,12.726991233305704,0.0917686318131257,564.0362507082086,2.8834263453600864,right,Velocity.txt,1798,1798
0.3000832103060905,0.2099798613711543,1.0,0.0,1.0,0.2606724839700969,0.3250520837080806,241.3205140450163,-0.0005473632205744413,0.08259317012873306,0.17791796832378814,-0.18051852232590954,0.3584364906496977,12.272654513777937,0.13729849916620346,241.3205140450163,2.6560660404136898,right,Amplitude.txt,1799,1799
0.500000000000002,0.2888356434393512,1.0,0.0,1.0,0.5000000000000021,0.500000000000002,599.833426028926,0.0005561735261401557,6.725599058812878e-17,0.0005561735261402911,0.0005561735261385148,1.7763568394002505e-15,0.0005564828551313347,0.0005558643690939411,599.833426028926,2.9957293283324713,right,Time.txt,1799,1799
0.4801438025771773,0.22183204834813133,0.9999999999999999,0.0,0.9999999999999999,0.48772168106559766,0.355817204983445,502.9860568320232,-0.00028875912024185286,0.10227184924696918,0.2395478774900783,-0.2736830955807094,0.5132309730707877,18.80638692534332,0.1496106785317019,502.9860568320232,2.8479803276288385,right,Velocity.txt,1798,1798
0.4012058075058464,0.1976656689643003,0.9999999999999999,0.0,0.9999999999999999,0.37945539936472567,0.30408341856213195,359.86803217767715,8.448909947917785e-05,0.027219308002995376,0.09388174795884048,-0.10427118342500385,0.19815293138384432,1.3328752619591762,0.040022234574763754,359.86803217767715,2.713346853148966,right,Amplitude.txt,1799,1799
0.500000000000002,0.2888356434393512,1.0,0.0,1.0,0.5000000000000021,0.500000000000002,599.833426028926,0.0005561735261401557,6.725599058812878e-17,0.0005561735261402911,0.0005561735261385148,1.7763568394002505e-15,0.0005564828551313347,0.0005558643690939411,599.833426028926,2.9957293283324713,right,Time.txt,1799,1799
0.4960462577682668,0.18609261571927344,1.0,0.0,1.0,0.5048074818120079,0.214645885614701,504.68484794511494,0.0003317887448291403,0.04854622894105982,0.13842668483919573,-0.19422538423014737,0.3326520690693431,4.237609877847843,0.08620689655172414,504.68484794511494,2.6883668763260946,right,Velocity.txt,1798,1798
0.306546993513315,0.23004084593893973,0.9999999999999999,0.0,0.9999999999999999,0.2560010625381224,0.37645030654128253,264.40173005823976,7.492292660855815e-05,0.04137030772212782,0.12671646315277268,-0.12439325042338142,0.2511097135761541,3.080714354043264,0.05444444444444444,264.40173005823976,2.6387380268747913,right,Amplitude.txt,1800,1800
0.5000000000000021,0.2888355542429804,1.0,0.0,1.0,0.5000000000000021,0.500000000000002,600.1667593107331,0.000555864369093941,6.94869857833128e-17,0.0005558643690940501,0.0005558643690922738,1.7763568394002505e-15,0.0005561733542907691,0.0005555555555555556,600.1667593107331,2.9957322735339904,right,Time.txt,1800,1800
0.4821189251649072,0.21969785036688255,1.0,0.0,1.0,0.4731367668383194,0.28152631744946677,504.98974042093215,-4.433278865163959e-05,0.05413872187845684,0.12538720520484042,-0.1549032389146044,0.2802904441194448,5.272874706480263,0.08282379099499722,504.98974042093215,2.813140912608253,right,Velocity.txt,1799,1799
0.3495630461633334,0.2578496497416191,0.9999999999999999,0.0,0.9999999999999999,0.3345447282643844,0.49172839551259057,337.7385695556072,-0.0004437789784713172,0.04220078386936872,0.12207241949546244,-0.11402429587688886,0.2360967153723513,3.188174547157919,0.05195530726256983,337.7385695556072,2.7397994679229543,right,Amplitude.txt,1790,1790
0.5002746689369338,0.2886850590244559,1.0,0.0,1.0,0.5008342602892124,0.49860956618465174,597.1687157542032,0.0005589699293442124,1.7086036405322335e-05,0.0006683157406183193,0.0005328375739943048,0.00013547816662401457,0.0005598033730465006,0.0005586592178770949,597.1687157542032,2.9957103912447844,right,Time.txt,1790,1790
0.4902391199509493,0.18764830363033866,0.9999999999999999,0.0,0.9999999999999999,0.4960822975151081,0.2655282639608042,492.9522959676834,5.2380588641916355e-05,0.04505577417184712,0.12658757842370533,-0.16686752539980998,0.2934551038235153,3.6317156730815383,0.08216880939072108,492.9522959676834,2.666552802170151,right,Velocity.txt,1789,1789
0.557252690120323,0.32943854469027706,0.9999999999999999,0.0,0.9999999999999999,0.6800408105078015,0.6417331636405834,753.889507357798,0.0003299306844159355,0.034315542865709,0.1281869504247694,-0.13032834279309444,0.2585152932178638,2.118619940228271,0.023902167871039465,753.889507357798,2.74895578859525,right,Amplitude.txt,1799,1799
0.500000000000002,0.2888356434393512,1.0,0.0,1.0,0.5000000000000021,0.500000000000002,599.833426028926,0.0005561735261401557,6.725599058812878e-17,0.0005561735261402911,0.0005561735261385148,1.7763568394002505e-15,0.0005564828551313347,0.0005558643690939411,599.833426028926,2.9957293283324713,right,Time.txt,1799,1799
0.4960859251330907,0.1767369975850584,0.9999999999999998,0.0,0.9999999999999998,0.4978168235127627,0.1208450020698636,498.65230615210265,-2.4117742752854885e-06,0.04113108370401028,0.15434235288913867,-0.143688029439196,0.2980303823283347,3.041795362364353,0.13681868743047831,498.65230615210265,2.5055096166600146,right,Velocity.txt,1798,1798
0.29833513967873715,0.2759508111998979,1.0,0.0,1.0,0.15751028612850662,0.4493249757368817,297.10971767845484,-0.00010212764704094427,0.05453345947208411,0.12713157002732164,-0.17673427090269433,0.303865840930016,5.350061629057464,0.055586436909394105,297.10971767845484,2.504677821334746,right,Amplitude.txt,1799,1799
0.500000000000002,0.2888356434393512,1.0,0.0,1.0,0.5000000000000021,0.500000000000002,599.833426028926,0.0005561735261401557,6.725599058812878e-17,0.0005561735261402911,0.0005561735261385148,1.7763568394002505e-15,0.0005564828551313347,0.0005558643690939411,599.833426028926,2.9957293283324713,right,Time.txt,1799,1799
0.5102416309772895,0.21651007381901766,1.0000000000000002,0.0,1.0000000000000002,0.4696265691699346,0.22164173220392902,552.3871950173707,0.0002844031149423177,0.06257222232840073,0.1440779725968669,-0.20368455238550165,0.34776252498236854,7.039824278259386,0.06952169076751946,552.3871950173707,2.643034156889614,right,Velocity.txt,1798,1798
0.5833888952668737,0.3904619510690576,1.0,0.0,1.0,0.8135439302032014,0.8474980881486415,886.5528458976917,0.0004397240932545848,0.030920200039684344,0.11468040979482905,-0.1395495545568447,0.2542299643516738,1.7202975778623397,0.016120066703724293,886.5528458976917,2.3667913239033993,right,Amplitude.txt,1799,1799
0.500000000000002,0.2888356434393512,1.0,0.0,1.0,0.5000000000000021,0.500000000000002,599.833426028926,0.0005561735261401557,6.725599058812878e-17,0.0005561735261402911,0.0005561735261385148,1.7763568394002505e-15,0.0005564828551313347,0.0005558643690939411,599.833426028926,2.9957293283324713,right,Time.txt,1799,1799
0.5160210802573553,0.20882104549183303,1.0,0.0,1.0,0.5125938987201442,0.17699948927850861,557.1714037898655,0.00017085872805557088,0.043659009574339075,0.1570683290035819,-0.13657585011609968,0.29364417911968155,3.4272366808714967,0.10456062291434928,557.1714037898655,2.6514147877230507,right,Velocity.txt,1798,1798
0.40538881931841564,0.2907196536046082,0.9999999999999999,0.0,0.9999999999999999,0.4210111041765761,0.5791012157780473,447.69556326483206,-0.00015693721103960341,0.05699864396279684,0.1416111677158596,-0.15278988565031337,0.29440105336617295,5.8447172071517075,0.057809894385769875,447.69556326483206,2.7323796337821333,right,Amplitude.txt,1799,1799
0.500000000000002,0.2888356434393512,1.0,0.0,1.0,0.5000000000000021,0.500000000000002,599.833426028926,0.0005561735261401557,6.725599058812878e-17,0.0005561735261402911,0.0005561735261385148,1.7763568394002505e-15,0.0005564828551313347,0.0005558643690939411,599.833426028926,2.9957293283324713,right,Time.txt,1799,1799
0.5023917089191031,0.23120535480720994,1.0,0.0,1.0,0.49130001490728603,0.24311426207573422,549.924314817368,-0.00023354230029264843,0.06515113149287054,0.13718914476370614,-0.12246583312397036,0.2596549778876765,7.632014609299587,0.11345939933259176,549.924314817368,2.7844252036271016,right,Velocity.txt,1798,1798
0.48630348948371743,0.35822207142977264,1.0000000000000002,0.0,1.0000000000000002,0.4881121822731714,0.7876181642334641,655.9358171455722,-0.00025962472945214676,0.0791761299408184,0.16241204817735594,-0.1664511894555846,0.32886323763294056,11.271530669415093,0.06562847608453838,655.9358171455722,2.730904942693857,right,Amplitude.txt,1798,1798
0.49986884450774216,0.2888623931936237,1.0,0.0,1.0,0.49972191323693205,0.5002780867630722,599.2919983520732,0.0005564828551313348,5.74995300283001e-06,0.0006683157406183193,0.0005328375739944158,0.00013547816662390355,0.0005568518015663531,0.0005561735261401557,599.2919983520732,2.995726689011927,right,Time.txt,1798,1798
0.48695331376774864,0.2559260556980434,1.0,0.0,1.0,0.47579362223192356,0.3539398111678181,543.8111513668653,2.6496922893511143e-05,0.066711040512298,0.14522762034354325,-0.11036653214545006,0.2555941524889933,7.997303440091734,0.09348914858096828,543.8111513668653,2.871211571391357,right,Velocity.txt,1797,1797
0.43039388473339835,0.2904138335118419,1.0,0.0,1.0,0.43570267903482657,0.5657295553206652,484.4336260075764,-0.0006450396282329213,0.06219927401648138,0.11896978721693433,-0.17652106284166078,0.2954908500585951,6.952890878445889,0.06622148024485253,484.4336260075764,2.8685103264779808,right,Amplitude.txt,1797,1797
0.49950665520274695,0.2886130998295192,1.0,0.0,1.0,0.49944382647386193,0.4994438264738621,598.0495427131168,0.0005567925283951809,8.122131952851157e-06,0.0006683157406183193,0.0005328375739943603,0.00013547816662395906,0.0005572207480013715,0.0005564830272676684,598.0495427131168,2.9957243562550517,right,Time.txt,1797,1797
0.5310185544024391,0.2467377365960762,0.9999999999999998,0.0,0.9999999999999998,0.5532318749732461,0.34597583931312204,615.7769475412586,-7.935389686361758e-05,0.0639958445845203,0.1385902937807717,-0.13254789785375726,0.27113819163452896,7.355472060344134,0.07349665924276169,615.7769475412586,2.898905430655274,right,Velocity.txt,1796,1796
0.33375527244383174,0.22445793916030274,0.9999999999999999,0.0,0.9999999999999999,0.29291935790041607,0.3356974198845163,291.03133305672753,0.00025178854693944184,0.060409068975614745,0.20517276780762952,-0.1642424133019156,0.36941518110954513,6.5651249025393374,0.07837687604224569,291.03133305672753,2.7266960833428993,right,Amplitude.txt,1799,1799
0.500000000000002,0.2888356434393512,1.0,0.0,1.0,0.5000000000000021,0.500000000000002,599.833426028926,0.0005561735261401557,6.725599058812878e-17,0.0005561735261402911,0.0005561735261385148,1.7763568394002505e-15,0.0005564828551313347,0.0005558643690939411,599.833426028926,2.9957293283324713,right,Time.txt,1799,1799
0.46245788395970744,0.20191708143945733,1.0,0.0,1.0,0.4642668740172639,0.29409917948051195,457.8387683799065,-0.00028604834389665053,0.06426302364514098,0.16363084500868902,-0.20564463778330588,0.3692754827919949,7.425412820944449,0.11234705228031146,457.8387683799065,2.728941493850173,right,Velocity.txt,1798,1798
